[debug] [2025-12-28T18:01:11.245Z] ----------------------------------------------------------------------
[debug] [2025-12-28T18:01:11.248Z] Command:       C:\nvm4w\nodejs\node.exe C:\nvm4w\nodejs\node_modules\firebase-tools\lib\bin\firebase.js deploy --only functions
[debug] [2025-12-28T18:01:11.249Z] CLI Version:   15.1.0
[debug] [2025-12-28T18:01:11.249Z] Platform:      win32
[debug] [2025-12-28T18:01:11.249Z] Node Version:  v20.19.6
[debug] [2025-12-28T18:01:11.249Z] Time:          Sun Dec 28 2025 15:01:11 GMT-0300 (Horário Padrão de Brasília)
[debug] [2025-12-28T18:01:11.249Z] ----------------------------------------------------------------------
[debug] 
[debug] [2025-12-28T18:01:11.253Z] >>> [apiv2][query] GET https://firebase-public.firebaseio.com/cli.json [none]
[debug] [2025-12-28T18:01:16.307Z] > command requires scopes: ["email","openid","https://www.googleapis.com/auth/cloudplatformprojects.readonly","https://www.googleapis.com/auth/firebase","https://www.googleapis.com/auth/cloud-platform"]
[debug] [2025-12-28T18:01:16.308Z] > authorizing via signed-in user (edclecyo12@gmail.com)
[debug] [2025-12-28T18:01:16.308Z] [iam] checking project rifa-digital-f6425 for permissions ["cloudfunctions.functions.create","cloudfunctions.functions.delete","cloudfunctions.functions.get","cloudfunctions.functions.list","cloudfunctions.functions.update","cloudfunctions.operations.get","firebase.projects.get"]
[debug] [2025-12-28T18:01:16.309Z] Checked if tokens are valid: false, expires at: 1766797944683
[debug] [2025-12-28T18:01:16.309Z] Checked if tokens are valid: false, expires at: 1766797944683
[debug] [2025-12-28T18:01:16.310Z] > refreshing access token with scopes: []
[debug] [2025-12-28T18:01:16.311Z] >>> [apiv2][query] POST https://www.googleapis.com/oauth2/v3/token [none]
[debug] [2025-12-28T18:01:16.311Z] >>> [apiv2][body] POST https://www.googleapis.com/oauth2/v3/token [omitted]
[debug] [2025-12-28T18:01:16.669Z] <<< [apiv2][status] POST https://www.googleapis.com/oauth2/v3/token 200
[debug] [2025-12-28T18:01:16.669Z] <<< [apiv2][body] POST https://www.googleapis.com/oauth2/v3/token [omitted]
[debug] [2025-12-28T18:01:16.682Z] >>> [apiv2][query] POST https://cloudresourcemanager.googleapis.com/v1/projects/rifa-digital-f6425:testIamPermissions [none]
[debug] [2025-12-28T18:01:16.682Z] >>> [apiv2][(partial)header] POST https://cloudresourcemanager.googleapis.com/v1/projects/rifa-digital-f6425:testIamPermissions x-goog-quota-user=projects/rifa-digital-f6425
[debug] [2025-12-28T18:01:16.683Z] >>> [apiv2][body] POST https://cloudresourcemanager.googleapis.com/v1/projects/rifa-digital-f6425:testIamPermissions {"permissions":["cloudfunctions.functions.create","cloudfunctions.functions.delete","cloudfunctions.functions.get","cloudfunctions.functions.list","cloudfunctions.functions.update","cloudfunctions.operations.get","firebase.projects.get"]}
[debug] [2025-12-28T18:01:16.764Z] <<< [apiv2][status] GET https://firebase-public.firebaseio.com/cli.json 200
[debug] [2025-12-28T18:01:16.764Z] <<< [apiv2][body] GET https://firebase-public.firebaseio.com/cli.json {"cloudBuildErrorAfter":1594252800000,"cloudBuildWarnAfter":1590019200000,"defaultNode10After":1594252800000,"minVersion":"3.0.5","node8DeploysDisabledAfter":1613390400000,"node8RuntimeDisabledAfter":1615809600000,"node8WarnAfter":1600128000000}
[debug] [2025-12-28T18:01:17.785Z] <<< [apiv2][status] POST https://cloudresourcemanager.googleapis.com/v1/projects/rifa-digital-f6425:testIamPermissions 200
[debug] [2025-12-28T18:01:17.785Z] <<< [apiv2][body] POST https://cloudresourcemanager.googleapis.com/v1/projects/rifa-digital-f6425:testIamPermissions {"permissions":["cloudfunctions.functions.create","cloudfunctions.functions.delete","cloudfunctions.functions.get","cloudfunctions.functions.list","cloudfunctions.functions.update","cloudfunctions.operations.get","firebase.projects.get"]}
[debug] [2025-12-28T18:01:17.785Z] Checked if tokens are valid: true, expires at: 1766948475669
[debug] [2025-12-28T18:01:17.785Z] Checked if tokens are valid: true, expires at: 1766948475669
[debug] [2025-12-28T18:01:17.785Z] >>> [apiv2][query] POST https://iam.googleapis.com/v1/projects/rifa-digital-f6425/serviceAccounts/rifa-digital-f6425@appspot.gserviceaccount.com:testIamPermissions [none]
[debug] [2025-12-28T18:01:17.785Z] >>> [apiv2][body] POST https://iam.googleapis.com/v1/projects/rifa-digital-f6425/serviceAccounts/rifa-digital-f6425@appspot.gserviceaccount.com:testIamPermissions {"permissions":["iam.serviceAccounts.actAs"]}
[debug] [2025-12-28T18:01:18.849Z] <<< [apiv2][status] POST https://iam.googleapis.com/v1/projects/rifa-digital-f6425/serviceAccounts/rifa-digital-f6425@appspot.gserviceaccount.com:testIamPermissions 200
[debug] [2025-12-28T18:01:18.849Z] <<< [apiv2][body] POST https://iam.googleapis.com/v1/projects/rifa-digital-f6425/serviceAccounts/rifa-digital-f6425@appspot.gserviceaccount.com:testIamPermissions {"permissions":["iam.serviceAccounts.actAs"]}
[info] 
[info] === Deploying to 'rifa-digital-f6425'...
[info] 
[info] i  deploying functions 
[info] Running command: npm --prefix "$RESOURCE_DIR" run lint
[info] +  functions: Finished running predeploy script. 
[debug] [2025-12-28T18:01:19.359Z] Checked if tokens are valid: true, expires at: 1766948475669
[debug] [2025-12-28T18:01:19.359Z] Checked if tokens are valid: true, expires at: 1766948475669
[debug] [2025-12-28T18:01:19.359Z] >>> [apiv2][query] GET https://cloudresourcemanager.googleapis.com/v1/projects/rifa-digital-f6425 [none]
[debug] [2025-12-28T18:01:19.607Z] <<< [apiv2][status] GET https://cloudresourcemanager.googleapis.com/v1/projects/rifa-digital-f6425 200
[debug] [2025-12-28T18:01:19.607Z] <<< [apiv2][body] GET https://cloudresourcemanager.googleapis.com/v1/projects/rifa-digital-f6425 {"projectNumber":"763080965700","projectId":"rifa-digital-f6425","lifecycleState":"ACTIVE","name":"rifa-digital","labels":{"firebase":"enabled","firebase-core":"disabled"},"createTime":"2025-12-17T18:49:21.400610Z"}
[info] i  functions: preparing codebase default for deployment 
[info] i  functions: ensuring required API cloudfunctions.googleapis.com is enabled... 
[info] i  functions: ensuring required API cloudbuild.googleapis.com is enabled... 
[info] i  artifactregistry: ensuring required API artifactregistry.googleapis.com is enabled... 
[debug] [2025-12-28T18:01:19.613Z] Checked if tokens are valid: true, expires at: 1766948475669
[debug] [2025-12-28T18:01:19.613Z] Checked if tokens are valid: true, expires at: 1766948475669
[debug] [2025-12-28T18:01:19.613Z] >>> [apiv2][query] GET https://firebase.googleapis.com/v1beta1/projects/rifa-digital-f6425/adminSdkConfig [none]
[debug] [2025-12-28T18:01:20.291Z] <<< [apiv2][status] GET https://firebase.googleapis.com/v1beta1/projects/rifa-digital-f6425/adminSdkConfig 200
[debug] [2025-12-28T18:01:20.292Z] <<< [apiv2][body] GET https://firebase.googleapis.com/v1beta1/projects/rifa-digital-f6425/adminSdkConfig {"projectId":"rifa-digital-f6425","storageBucket":"rifa-digital-f6425.firebasestorage.app"}
[debug] [2025-12-28T18:01:20.293Z] Validating nodejs source
[warn] !  functions: package.json indicates an outdated version of firebase-functions. Please upgrade using npm install --save firebase-functions@latest in your functions directory. 
[warn] !  functions: Please note that there will be breaking changes when you upgrade. 
[debug] [2025-12-28T18:01:21.307Z] > [functions] package.json contents: {
  "name": "functions",
  "description": "Cloud Functions for Firebase",
  "private": true,
  "main": "index.js",
  "engines": {
    "node": "20"
  },
  "scripts": {
    "lint": "echo \"Lint disabled\"",
    "serve": "firebase emulators:start --only functions",
    "deploy": "firebase deploy --only functions",
    "logs": "firebase functions:log"
  },
  "dependencies": {
    "firebase-admin": "^11.11.1",
    "firebase-functions": "^4.9.0",
    "node-fetch": "^2.7.0"
  }
}
[debug] [2025-12-28T18:01:21.308Z] Building nodejs source
[info] i  functions: Loading and analyzing source code for codebase default to determine what to deploy 
[info] i  functions: You are using a version of firebase-functions SDK (4.9.0) that does not have support for the newest Firebase Extensions features. Please update firebase-functions SDK to >=5.1.0 to use them correctly 
[debug] [2025-12-28T18:01:21.310Z] Could not find functions.yaml. Must use http discovery
[debug] [2025-12-28T18:01:21.322Z] Found firebase-functions binary at 'C:\Users\Edclecyo_ads\Desktop\rifa-digital\functions\node_modules\.bin\firebase-functions'
[info] Serving at port 8917

[debug] [2025-12-28T18:01:22.396Z] Got response from /__/functions.yaml {"endpoints":{"atualizarRankingCompradores":{"platform":"gcfv1","availableMemoryMb":null,"timeoutSeconds":null,"minInstances":null,"maxInstances":null,"ingressSettings":null,"serviceAccountEmail":null,"vpc":null,"eventTrigger":{"eventType":"providers/cloud.firestore/eventTypes/document.create","eventFilters":{"resource":"projects/rifa-digital-f6425/databases/(default)/documents/Pagamentos/{pagamentoId}"},"retry":false},"labels":{},"entryPoint":"atualizarRankingCompradores"},"pushQuandoPromoAtivar":{"platform":"gcfv1","availableMemoryMb":null,"timeoutSeconds":null,"minInstances":null,"maxInstances":null,"ingressSettings":null,"serviceAccountEmail":null,"vpc":null,"eventTrigger":{"eventType":"providers/cloud.firestore/eventTypes/document.update","eventFilters":{"resource":"projects/rifa-digital-f6425/databases/(default)/documents/Promocoes/home"},"retry":false},"labels":{},"entryPoint":"pushQuandoPromoAtivar"},"pagarIndicacaoAposCompra":{"platform":"gcfv1","availableMemoryMb":null,"timeoutSeconds":null,"minInstances":null,"maxInstances":null,"ingressSettings":null,"serviceAccountEmail":null,"vpc":null,"eventTrigger":{"eventType":"providers/cloud.firestore/eventTypes/document.update","eventFilters":{"resource":"projects/rifa-digital-f6425/databases/(default)/documents/Pagamentos/{pagamentoId}"},"retry":false},"labels":{},"entryPoint":"pagarIndicacaoAposCompra"},"atualizarStatusSorteio":{"platform":"gcfv1","availableMemoryMb":null,"timeoutSeconds":null,"minInstances":null,"maxInstances":null,"ingressSettings":null,"serviceAccountEmail":null,"vpc":null,"eventTrigger":{"eventType":"providers/cloud.firestore/eventTypes/document.update","eventFilters":{"resource":"projects/rifa-digital-f6425/databases/(default)/documents/Pagamentos/{pagamentoId}"},"retry":false},"labels":{},"entryPoint":"atualizarStatusSorteio"}},"specVersion":"v1alpha1","requiredAPIs":[]}
[info] i  functions: preparing functions directory for uploading... 
[info] i  functions: packaged C:\Users\Edclecyo_ads\Desktop\rifa-digital\functions (39.67 KB) for uploading 
[debug] [2025-12-28T18:01:26.477Z] Checked if tokens are valid: true, expires at: 1766948475669
[debug] [2025-12-28T18:01:26.478Z] Checked if tokens are valid: true, expires at: 1766948475669
[debug] [2025-12-28T18:01:26.478Z] >>> [apiv2][query] GET https://cloudfunctions.googleapis.com/v1/projects/rifa-digital-f6425/locations/-/functions [none]
[debug] [2025-12-28T18:01:27.805Z] <<< [apiv2][status] GET https://cloudfunctions.googleapis.com/v1/projects/rifa-digital-f6425/locations/-/functions 200
[debug] [2025-12-28T18:01:27.805Z] <<< [apiv2][body] GET https://cloudfunctions.googleapis.com/v1/projects/rifa-digital-f6425/locations/-/functions {"functions":[{"name":"projects/rifa-digital-f6425/locations/us-central1/functions/pagarIndicacaoAposCompra","eventTrigger":{"eventType":"providers/cloud.firestore/eventTypes/document.update","resource":"projects/rifa-digital-f6425/databases/(default)/documents/Pagamentos/{pagamentoId}","service":"firestore.googleapis.com","failurePolicy":{}},"status":"ACTIVE","entryPoint":"pagarIndicacaoAposCompra","timeout":"60s","availableMemoryMb":256,"serviceAccountEmail":"rifa-digital-f6425@appspot.gserviceaccount.com","updateTime":"2025-12-27T00:14:11.554155199Z","versionId":"1","labels":{"deployment-tool":"cli-firebase","firebase-functions-hash":"643a1c9b7ab2ed763c4a330ed7ab3855f1e34cd1"},"sourceUploadUrl":"https://storage.googleapis.com/uploads-102288537464.us-central1.cloudfunctions.appspot.com/bafcc36f-b80c-4967-b1b3-767d525a2898.zip","environmentVariables":{"FIREBASE_CONFIG":"{\"projectId\":\"rifa-digital-f6425\",\"storageBucket\":\"rifa-digital-f6425.firebasestorage.app\"}","GCLOUD_PROJECT":"rifa-digital-f6425","EVENTARC_CLOUD_EVENT_SOURCE":"projects/rifa-digital-f6425/locations/us-central1/functions/pagarIndicacaoAposCompra"},"runtime":"nodejs20","maxInstances":3000,"ingressSettings":"ALLOW_ALL","buildId":"94533ce2-835b-4e97-b019-57a6067c00b9","buildEnvironmentVariables":{"GOOGLE_NODE_RUN_SCRIPTS":""},"buildName":"projects/763080965700/locations/us-central1/builds/94533ce2-835b-4e97-b019-57a6067c00b9","dockerRegistry":"ARTIFACT_REGISTRY","automaticUpdatePolicy":{},"buildServiceAccount":"projects/rifa-digital-f6425/serviceAccounts/763080965700-compute@developer.gserviceaccount.com","satisfiesPzi":true},{"name":"projects/rifa-digital-f6425/locations/us-central1/functions/atualizarRankingCompradores","eventTrigger":{"eventType":"providers/cloud.firestore/eventTypes/document.create","resource":"projects/rifa-digital-f6425/databases/(default)/documents/Pagamentos/{pagamentoId}","service":"firestore.googleapis.com","failurePolicy":{}},"status":"ACTIVE","entryPoint":"atualizarRankingCompradores","timeout":"60s","availableMemoryMb":256,"serviceAccountEmail":"rifa-digital-f6425@appspot.gserviceaccount.com","updateTime":"2025-12-27T00:14:02.132Z","versionId":"3","labels":{"deployment-tool":"cli-firebase","firebase-functions-hash":"643a1c9b7ab2ed763c4a330ed7ab3855f1e34cd1"},"sourceUploadUrl":"https://storage.googleapis.com/uploads-102288537464.us-central1.cloudfunctions.appspot.com/bafcc36f-b80c-4967-b1b3-767d525a2898.zip","environmentVariables":{"FIREBASE_CONFIG":"{\"projectId\":\"rifa-digital-f6425\",\"storageBucket\":\"rifa-digital-f6425.firebasestorage.app\"}","GCLOUD_PROJECT":"rifa-digital-f6425","EVENTARC_CLOUD_EVENT_SOURCE":"projects/rifa-digital-f6425/locations/us-central1/functions/atualizarRankingCompradores"},"runtime":"nodejs20","maxInstances":3000,"ingressSettings":"ALLOW_ALL","buildId":"94533ce2-835b-4e97-b019-57a6067c00b9","buildEnvironmentVariables":{"GOOGLE_NODE_RUN_SCRIPTS":""},"buildName":"projects/763080965700/locations/us-central1/builds/94533ce2-835b-4e97-b019-57a6067c00b9","dockerRegistry":"ARTIFACT_REGISTRY","automaticUpdatePolicy":{},"buildServiceAccount":"projects/rifa-digital-f6425/serviceAccounts/763080965700-compute@developer.gserviceaccount.com","satisfiesPzi":true},{"name":"projects/rifa-digital-f6425/locations/us-central1/functions/pushQuandoPromoAtivar","eventTrigger":{"eventType":"providers/cloud.firestore/eventTypes/document.update","resource":"projects/rifa-digital-f6425/databases/(default)/documents/Promocoes/home","service":"firestore.googleapis.com","failurePolicy":{}},"status":"ACTIVE","entryPoint":"pushQuandoPromoAtivar","timeout":"60s","availableMemoryMb":256,"serviceAccountEmail":"rifa-digital-f6425@appspot.gserviceaccount.com","updateTime":"2025-12-27T00:14:13.173Z","versionId":"2","labels":{"firebase-functions-hash":"643a1c9b7ab2ed763c4a330ed7ab3855f1e34cd1","deployment-tool":"cli-firebase"},"sourceUploadUrl":"https://storage.googleapis.com/uploads-102288537464.us-central1.cloudfunctions.appspot.com/bafcc36f-b80c-4967-b1b3-767d525a2898.zip","environmentVariables":{"FIREBASE_CONFIG":"{\"projectId\":\"rifa-digital-f6425\",\"storageBucket\":\"rifa-digital-f6425.firebasestorage.app\"}","GCLOUD_PROJECT":"rifa-digital-f6425","EVENTARC_CLOUD_EVENT_SOURCE":"projects/rifa-digital-f6425/locations/us-central1/functions/pushQuandoPromoAtivar"},"runtime":"nodejs20","maxInstances":3000,"ingressSettings":"ALLOW_ALL","buildId":"94533ce2-835b-4e97-b019-57a6067c00b9","buildEnvironmentVariables":{"GOOGLE_NODE_RUN_SCRIPTS":""},"buildName":"projects/763080965700/locations/us-central1/builds/94533ce2-835b-4e97-b019-57a6067c00b9","dockerRegistry":"ARTIFACT_REGISTRY","automaticUpdatePolicy":{},"buildServiceAccount":"projects/rifa-digital-f6425/serviceAccounts/763080965700-compute@developer.gserviceaccount.com","satisfiesPzi":true}]}
[debug] [2025-12-28T18:01:27.806Z] Checked if tokens are valid: true, expires at: 1766948475669
[debug] [2025-12-28T18:01:27.806Z] Checked if tokens are valid: true, expires at: 1766948475669
[debug] [2025-12-28T18:01:27.806Z] >>> [apiv2][query] GET https://cloudfunctions.googleapis.com/v2/projects/rifa-digital-f6425/locations/-/functions filter=environment%3D%22GEN_2%22
[debug] [2025-12-28T18:01:29.238Z] <<< [apiv2][status] GET https://cloudfunctions.googleapis.com/v2/projects/rifa-digital-f6425/locations/-/functions 200
[debug] [2025-12-28T18:01:29.238Z] <<< [apiv2][body] GET https://cloudfunctions.googleapis.com/v2/projects/rifa-digital-f6425/locations/-/functions {}
[debug] [2025-12-28T18:01:29.242Z] Checked if tokens are valid: true, expires at: 1766948475669
[debug] [2025-12-28T18:01:29.242Z] Checked if tokens are valid: true, expires at: 1766948475669
[debug] [2025-12-28T18:01:29.242Z] >>> [apiv2][query] GET https://cloudresourcemanager.googleapis.com/v1/projects/rifa-digital-f6425 [none]
[debug] [2025-12-28T18:01:30.236Z] <<< [apiv2][status] GET https://cloudresourcemanager.googleapis.com/v1/projects/rifa-digital-f6425 200
[debug] [2025-12-28T18:01:30.236Z] <<< [apiv2][body] GET https://cloudresourcemanager.googleapis.com/v1/projects/rifa-digital-f6425 {"projectNumber":"763080965700","projectId":"rifa-digital-f6425","lifecycleState":"ACTIVE","name":"rifa-digital","labels":{"firebase":"enabled","firebase-core":"disabled"},"createTime":"2025-12-17T18:49:21.400610Z"}
[debug] [2025-12-28T18:01:30.237Z] Checked if tokens are valid: true, expires at: 1766948475669
[debug] [2025-12-28T18:01:30.237Z] Checked if tokens are valid: true, expires at: 1766948475669
[debug] [2025-12-28T18:01:30.237Z] >>> [apiv2][query] POST https://cloudfunctions.googleapis.com/v1/projects/rifa-digital-f6425/locations/us-central1/functions:generateUploadUrl [none]
[debug] [2025-12-28T18:01:30.237Z] >>> [apiv2][body] POST https://cloudfunctions.googleapis.com/v1/projects/rifa-digital-f6425/locations/us-central1/functions:generateUploadUrl {}
[debug] [2025-12-28T18:01:31.247Z] <<< [apiv2][status] POST https://cloudfunctions.googleapis.com/v1/projects/rifa-digital-f6425/locations/us-central1/functions:generateUploadUrl 200
[debug] [2025-12-28T18:01:31.247Z] <<< [apiv2][body] POST https://cloudfunctions.googleapis.com/v1/projects/rifa-digital-f6425/locations/us-central1/functions:generateUploadUrl {"uploadUrl":"https://storage.googleapis.com/uploads-102288537464.us-central1.cloudfunctions.appspot.com/f921fee9-71a0-4c05-93a5-bfbb84dbe6ff.zip?GoogleAccessId=service-763080965700@gcf-admin-robot.iam.gserviceaccount.com&Expires=1766946690&Signature=Y6KpRP0a8RF86PblEADfO92BcGneuYxLaq7eDQiyUJvsCP4CQbkHx%2FP3C6UXUOpwFwgHPrgbmlwGkIkSduAubtP0jWrMrAvyVL%2FfgoVO2BYliC3tWHZzEDmux0%2F98EKQ5g6zFpxAbY3%2BpWqaxjZWw37q4Y4yv1fV91Dv%2F7JrH73G3vcq2LNlrn5qcrBysHjHXZLCjtLXBTPCbMxNcoKXVbDDtqB5jrKSnaKEQq4Qx0L2XhkpqMUg8n6NHkOZ1bk2%2BS35D11MPJKrsjNZcnlrvDu26PF64qdNL%2BfG2v%2BaX%2B464xxFbTVgjBBLYaycfZ2aCCcRU7aW63WwHn8PygXNzg%3D%3D"}
[debug] [2025-12-28T18:01:31.250Z] >>> [apiv2][query] PUT https://storage.googleapis.com/uploads-102288537464.us-central1.cloudfunctions.appspot.com/f921fee9-71a0-4c05-93a5-bfbb84dbe6ff.zip GoogleAccessId=service-763080965700%40gcf-admin-robot.iam.gserviceaccount.com&Expires=1766946690&Signature=Y6KpRP0a8RF86PblEADfO92BcGneuYxLaq7eDQiyUJvsCP4CQbkHx%2FP3C6UXUOpwFwgHPrgbmlwGkIkSduAubtP0jWrMrAvyVL%2FfgoVO2BYliC3tWHZzEDmux0%2F98EKQ5g6zFpxAbY3%2BpWqaxjZWw37q4Y4yv1fV91Dv%2F7JrH73G3vcq2LNlrn5qcrBysHjHXZLCjtLXBTPCbMxNcoKXVbDDtqB5jrKSnaKEQq4Qx0L2XhkpqMUg8n6NHkOZ1bk2%2BS35D11MPJKrsjNZcnlrvDu26PF64qdNL%2BfG2v%2BaX%2B464xxFbTVgjBBLYaycfZ2aCCcRU7aW63WwHn8PygXNzg%3D%3D
[debug] [2025-12-28T18:01:31.250Z] >>> [apiv2][body] PUT https://storage.googleapis.com/uploads-102288537464.us-central1.cloudfunctions.appspot.com/f921fee9-71a0-4c05-93a5-bfbb84dbe6ff.zip [stream]
[debug] [2025-12-28T18:01:31.967Z] <<< [apiv2][status] PUT https://storage.googleapis.com/uploads-102288537464.us-central1.cloudfunctions.appspot.com/f921fee9-71a0-4c05-93a5-bfbb84dbe6ff.zip 200
[debug] [2025-12-28T18:01:31.967Z] <<< [apiv2][body] PUT https://storage.googleapis.com/uploads-102288537464.us-central1.cloudfunctions.appspot.com/f921fee9-71a0-4c05-93a5-bfbb84dbe6ff.zip [omitted]
[info] +  functions: functions source uploaded successfully 
[info] i  functions: creating Node.js 20 (1st Gen) function atualizarStatusSorteio(us-central1)... 
[info] i  functions: updating Node.js 20 (1st Gen) function atualizarRankingCompradores(us-central1)... 
[info] i  functions: updating Node.js 20 (1st Gen) function pushQuandoPromoAtivar(us-central1)... 
[info] i  functions: updating Node.js 20 (1st Gen) function pagarIndicacaoAposCompra(us-central1)... 
[debug] [2025-12-28T18:01:31.973Z] Checked if tokens are valid: true, expires at: 1766948475669
[debug] [2025-12-28T18:01:31.973Z] Checked if tokens are valid: true, expires at: 1766948475669
[debug] [2025-12-28T18:01:31.973Z] >>> [apiv2][query] POST https://cloudfunctions.googleapis.com/v1/projects/rifa-digital-f6425/locations/us-central1/functions [none]
[debug] [2025-12-28T18:01:31.973Z] >>> [apiv2][body] POST https://cloudfunctions.googleapis.com/v1/projects/rifa-digital-f6425/locations/us-central1/functions {"name":"projects/rifa-digital-f6425/locations/us-central1/functions/atualizarStatusSorteio","sourceUploadUrl":"https://storage.googleapis.com/uploads-102288537464.us-central1.cloudfunctions.appspot.com/f921fee9-71a0-4c05-93a5-bfbb84dbe6ff.zip?GoogleAccessId=service-763080965700@gcf-admin-robot.iam.gserviceaccount.com&Expires=1766946690&Signature=Y6KpRP0a8RF86PblEADfO92BcGneuYxLaq7eDQiyUJvsCP4CQbkHx%2FP3C6UXUOpwFwgHPrgbmlwGkIkSduAubtP0jWrMrAvyVL%2FfgoVO2BYliC3tWHZzEDmux0%2F98EKQ5g6zFpxAbY3%2BpWqaxjZWw37q4Y4yv1fV91Dv%2F7JrH73G3vcq2LNlrn5qcrBysHjHXZLCjtLXBTPCbMxNcoKXVbDDtqB5jrKSnaKEQq4Qx0L2XhkpqMUg8n6NHkOZ1bk2%2BS35D11MPJKrsjNZcnlrvDu26PF64qdNL%2BfG2v%2BaX%2B464xxFbTVgjBBLYaycfZ2aCCcRU7aW63WwHn8PygXNzg%3D%3D","entryPoint":"atualizarStatusSorteio","runtime":"nodejs20","dockerRegistry":"ARTIFACT_REGISTRY","labels":{"deployment-tool":"cli-firebase","firebase-functions-hash":"33480bce64bd1a534c4276725b9a07d4bb1ff2a5"},"eventTrigger":{"eventType":"providers/cloud.firestore/eventTypes/document.update","resource":"projects/rifa-digital-f6425/databases/(default)/documents/Pagamentos/{pagamentoId}"},"minInstances":null,"maxInstances":null,"ingressSettings":null,"environmentVariables":{"FIREBASE_CONFIG":"{\"projectId\":\"rifa-digital-f6425\",\"storageBucket\":\"rifa-digital-f6425.firebasestorage.app\"}","GCLOUD_PROJECT":"rifa-digital-f6425","EVENTARC_CLOUD_EVENT_SOURCE":"projects/rifa-digital-f6425/locations/us-central1/functions/atualizarStatusSorteio"},"serviceAccountEmail":null,"availableMemoryMb":null,"timeout":null,"vpcConnector":null,"vpcConnectorEgressSettings":null,"buildEnvironmentVariables":{"GOOGLE_NODE_RUN_SCRIPTS":""}}
[debug] [2025-12-28T18:01:33.076Z] <<< [apiv2][status] POST https://cloudfunctions.googleapis.com/v1/projects/rifa-digital-f6425/locations/us-central1/functions 200
[debug] [2025-12-28T18:01:33.076Z] <<< [apiv2][body] POST https://cloudfunctions.googleapis.com/v1/projects/rifa-digital-f6425/locations/us-central1/functions {"name":"operations/cHJvamVjdHMvcmlmYS1kaWdpdGFsLWY2NDI1L2xvY2F0aW9ucy91cy1jZW50cmFsMS9vcGVyYXRpb25zL29wZXJhdGlvbi0xNzY2OTQ0ODkyMTY2LTY0NzA2ZWFhMmEyY2ItMTEwNjkyZTgtOWI0MThiMjg","metadata":{"@type":"type.googleapis.com/google.cloud.functions.v1.OperationMetadataV1","target":"projects/rifa-digital-f6425/locations/us-central1/functions/atualizarStatusSorteio","updateTime":"2025-12-28T18:01:32.604531614Z"}}
[debug] [2025-12-28T18:01:33.077Z] Checked if tokens are valid: true, expires at: 1766948475669
[debug] [2025-12-28T18:01:33.077Z] Checked if tokens are valid: true, expires at: 1766948475669
[debug] [2025-12-28T18:01:33.077Z] >>> [apiv2][query] GET https://cloudfunctions.googleapis.com/v1/operations/cHJvamVjdHMvcmlmYS1kaWdpdGFsLWY2NDI1L2xvY2F0aW9ucy91cy1jZW50cmFsMS9vcGVyYXRpb25zL29wZXJhdGlvbi0xNzY2OTQ0ODkyMTY2LTY0NzA2ZWFhMmEyY2ItMTEwNjkyZTgtOWI0MThiMjg [none]
[debug] [2025-12-28T18:01:33.683Z] <<< [apiv2][status] GET https://cloudfunctions.googleapis.com/v1/operations/cHJvamVjdHMvcmlmYS1kaWdpdGFsLWY2NDI1L2xvY2F0aW9ucy91cy1jZW50cmFsMS9vcGVyYXRpb25zL29wZXJhdGlvbi0xNzY2OTQ0ODkyMTY2LTY0NzA2ZWFhMmEyY2ItMTEwNjkyZTgtOWI0MThiMjg 200
[debug] [2025-12-28T18:01:33.683Z] <<< [apiv2][body] GET https://cloudfunctions.googleapis.com/v1/operations/cHJvamVjdHMvcmlmYS1kaWdpdGFsLWY2NDI1L2xvY2F0aW9ucy91cy1jZW50cmFsMS9vcGVyYXRpb25zL29wZXJhdGlvbi0xNzY2OTQ0ODkyMTY2LTY0NzA2ZWFhMmEyY2ItMTEwNjkyZTgtOWI0MThiMjg {"name":"operations/cHJvamVjdHMvcmlmYS1kaWdpdGFsLWY2NDI1L2xvY2F0aW9ucy91cy1jZW50cmFsMS9vcGVyYXRpb25zL29wZXJhdGlvbi0xNzY2OTQ0ODkyMTY2LTY0NzA2ZWFhMmEyY2ItMTEwNjkyZTgtOWI0MThiMjg","metadata":{"@type":"type.googleapis.com/google.cloud.functions.v1.OperationMetadataV1","target":"projects/rifa-digital-f6425/locations/us-central1/functions/atualizarStatusSorteio","type":"CREATE_FUNCTION","request":{"@type":"type.googleapis.com/google.cloud.functions.v1.CloudFunction","name":"projects/rifa-digital-f6425/locations/us-central1/functions/atualizarStatusSorteio","eventTrigger":{"eventType":"providers/cloud.firestore/eventTypes/document.update","resource":"projects/rifa-digital-f6425/databases/(default)/documents/Pagamentos/{pagamentoId}","failurePolicy":{}},"entryPoint":"atualizarStatusSorteio","updateTime":"1970-01-01T00:00:00Z","labels":{"deployment-tool":"cli-firebase","firebase-functions-hash":"33480bce64bd1a534c4276725b9a07d4bb1ff2a5"},"sourceUploadUrl":"https://storage.googleapis.com/uploads-102288537464.us-central1.cloudfunctions.appspot.com/f921fee9-71a0-4c05-93a5-bfbb84dbe6ff.zip?GoogleAccessId=service-763080965700@gcf-admin-robot.iam.gserviceaccount.com&Expires=1766946690&Signature=Y6KpRP0a8RF86PblEADfO92BcGneuYxLaq7eDQiyUJvsCP4CQbkHx%2FP3C6UXUOpwFwgHPrgbmlwGkIkSduAubtP0jWrMrAvyVL%2FfgoVO2BYliC3tWHZzEDmux0%2F98EKQ5g6zFpxAbY3%2BpWqaxjZWw37q4Y4yv1fV91Dv%2F7JrH73G3vcq2LNlrn5qcrBysHjHXZLCjtLXBTPCbMxNcoKXVbDDtqB5jrKSnaKEQq4Qx0L2XhkpqMUg8n6NHkOZ1bk2%2BS35D11MPJKrsjNZcnlrvDu26PF64qdNL%2BfG2v%2BaX%2B464xxFbTVgjBBLYaycfZ2aCCcRU7aW63WwHn8PygXNzg%3D%3D","environmentVariables":{"FIREBASE_CONFIG":"{\"projectId\":\"rifa-digital-f6425\",\"storageBucket\":\"rifa-digital-f6425.firebasestorage.app\"}","GCLOUD_PROJECT":"rifa-digital-f6425","EVENTARC_CLOUD_EVENT_SOURCE":"projects/rifa-digital-f6425/locations/us-central1/functions/atualizarStatusSorteio"},"runtime":"nodejs20","buildEnvironmentVariables":{"GOOGLE_NODE_RUN_SCRIPTS":""},"dockerRegistry":"ARTIFACT_REGISTRY"},"updateTime":"2025-12-28T18:01:32.604531614Z"}}
[debug] [2025-12-28T18:01:34.193Z] [create-default-us-central1-atualizarStatusSorteio] Retrying task index 0
[debug] [2025-12-28T18:01:34.194Z] Checked if tokens are valid: true, expires at: 1766948475669
[debug] [2025-12-28T18:01:34.194Z] Checked if tokens are valid: true, expires at: 1766948475669
[debug] [2025-12-28T18:01:34.194Z] >>> [apiv2][query] GET https://cloudfunctions.googleapis.com/v1/operations/cHJvamVjdHMvcmlmYS1kaWdpdGFsLWY2NDI1L2xvY2F0aW9ucy91cy1jZW50cmFsMS9vcGVyYXRpb25zL29wZXJhdGlvbi0xNzY2OTQ0ODkyMTY2LTY0NzA2ZWFhMmEyY2ItMTEwNjkyZTgtOWI0MThiMjg [none]
[debug] [2025-12-28T18:01:34.868Z] <<< [apiv2][status] GET https://cloudfunctions.googleapis.com/v1/operations/cHJvamVjdHMvcmlmYS1kaWdpdGFsLWY2NDI1L2xvY2F0aW9ucy91cy1jZW50cmFsMS9vcGVyYXRpb25zL29wZXJhdGlvbi0xNzY2OTQ0ODkyMTY2LTY0NzA2ZWFhMmEyY2ItMTEwNjkyZTgtOWI0MThiMjg 200
[debug] [2025-12-28T18:01:34.869Z] <<< [apiv2][body] GET https://cloudfunctions.googleapis.com/v1/operations/cHJvamVjdHMvcmlmYS1kaWdpdGFsLWY2NDI1L2xvY2F0aW9ucy91cy1jZW50cmFsMS9vcGVyYXRpb25zL29wZXJhdGlvbi0xNzY2OTQ0ODkyMTY2LTY0NzA2ZWFhMmEyY2ItMTEwNjkyZTgtOWI0MThiMjg {"name":"operations/cHJvamVjdHMvcmlmYS1kaWdpdGFsLWY2NDI1L2xvY2F0aW9ucy91cy1jZW50cmFsMS9vcGVyYXRpb25zL29wZXJhdGlvbi0xNzY2OTQ0ODkyMTY2LTY0NzA2ZWFhMmEyY2ItMTEwNjkyZTgtOWI0MThiMjg","metadata":{"@type":"type.googleapis.com/google.cloud.functions.v1.OperationMetadataV1","target":"projects/rifa-digital-f6425/locations/us-central1/functions/atualizarStatusSorteio","type":"CREATE_FUNCTION","request":{"@type":"type.googleapis.com/google.cloud.functions.v1.CloudFunction","name":"projects/rifa-digital-f6425/locations/us-central1/functions/atualizarStatusSorteio","eventTrigger":{"eventType":"providers/cloud.firestore/eventTypes/document.update","resource":"projects/rifa-digital-f6425/databases/(default)/documents/Pagamentos/{pagamentoId}","failurePolicy":{}},"entryPoint":"atualizarStatusSorteio","updateTime":"1970-01-01T00:00:00Z","labels":{"deployment-tool":"cli-firebase","firebase-functions-hash":"33480bce64bd1a534c4276725b9a07d4bb1ff2a5"},"sourceUploadUrl":"https://storage.googleapis.com/uploads-102288537464.us-central1.cloudfunctions.appspot.com/f921fee9-71a0-4c05-93a5-bfbb84dbe6ff.zip?GoogleAccessId=service-763080965700@gcf-admin-robot.iam.gserviceaccount.com&Expires=1766946690&Signature=Y6KpRP0a8RF86PblEADfO92BcGneuYxLaq7eDQiyUJvsCP4CQbkHx%2FP3C6UXUOpwFwgHPrgbmlwGkIkSduAubtP0jWrMrAvyVL%2FfgoVO2BYliC3tWHZzEDmux0%2F98EKQ5g6zFpxAbY3%2BpWqaxjZWw37q4Y4yv1fV91Dv%2F7JrH73G3vcq2LNlrn5qcrBysHjHXZLCjtLXBTPCbMxNcoKXVbDDtqB5jrKSnaKEQq4Qx0L2XhkpqMUg8n6NHkOZ1bk2%2BS35D11MPJKrsjNZcnlrvDu26PF64qdNL%2BfG2v%2BaX%2B464xxFbTVgjBBLYaycfZ2aCCcRU7aW63WwHn8PygXNzg%3D%3D","environmentVariables":{"FIREBASE_CONFIG":"{\"projectId\":\"rifa-digital-f6425\",\"storageBucket\":\"rifa-digital-f6425.firebasestorage.app\"}","GCLOUD_PROJECT":"rifa-digital-f6425","EVENTARC_CLOUD_EVENT_SOURCE":"projects/rifa-digital-f6425/locations/us-central1/functions/atualizarStatusSorteio"},"runtime":"nodejs20","buildEnvironmentVariables":{"GOOGLE_NODE_RUN_SCRIPTS":""},"dockerRegistry":"ARTIFACT_REGISTRY"},"versionId":"1","updateTime":"2025-12-28T18:01:32.604531614Z"}}
[debug] [2025-12-28T18:01:35.875Z] [create-default-us-central1-atualizarStatusSorteio] Retrying task index 0
[debug] [2025-12-28T18:01:35.875Z] Checked if tokens are valid: true, expires at: 1766948475669
[debug] [2025-12-28T18:01:35.875Z] Checked if tokens are valid: true, expires at: 1766948475669
[debug] [2025-12-28T18:01:35.875Z] >>> [apiv2][query] GET https://cloudfunctions.googleapis.com/v1/operations/cHJvamVjdHMvcmlmYS1kaWdpdGFsLWY2NDI1L2xvY2F0aW9ucy91cy1jZW50cmFsMS9vcGVyYXRpb25zL29wZXJhdGlvbi0xNzY2OTQ0ODkyMTY2LTY0NzA2ZWFhMmEyY2ItMTEwNjkyZTgtOWI0MThiMjg [none]
[debug] [2025-12-28T18:01:36.512Z] <<< [apiv2][status] GET https://cloudfunctions.googleapis.com/v1/operations/cHJvamVjdHMvcmlmYS1kaWdpdGFsLWY2NDI1L2xvY2F0aW9ucy91cy1jZW50cmFsMS9vcGVyYXRpb25zL29wZXJhdGlvbi0xNzY2OTQ0ODkyMTY2LTY0NzA2ZWFhMmEyY2ItMTEwNjkyZTgtOWI0MThiMjg 200
[debug] [2025-12-28T18:01:36.513Z] <<< [apiv2][body] GET https://cloudfunctions.googleapis.com/v1/operations/cHJvamVjdHMvcmlmYS1kaWdpdGFsLWY2NDI1L2xvY2F0aW9ucy91cy1jZW50cmFsMS9vcGVyYXRpb25zL29wZXJhdGlvbi0xNzY2OTQ0ODkyMTY2LTY0NzA2ZWFhMmEyY2ItMTEwNjkyZTgtOWI0MThiMjg {"name":"operations/cHJvamVjdHMvcmlmYS1kaWdpdGFsLWY2NDI1L2xvY2F0aW9ucy91cy1jZW50cmFsMS9vcGVyYXRpb25zL29wZXJhdGlvbi0xNzY2OTQ0ODkyMTY2LTY0NzA2ZWFhMmEyY2ItMTEwNjkyZTgtOWI0MThiMjg","metadata":{"@type":"type.googleapis.com/google.cloud.functions.v1.OperationMetadataV1","target":"projects/rifa-digital-f6425/locations/us-central1/functions/atualizarStatusSorteio","type":"CREATE_FUNCTION","request":{"@type":"type.googleapis.com/google.cloud.functions.v1.CloudFunction","name":"projects/rifa-digital-f6425/locations/us-central1/functions/atualizarStatusSorteio","eventTrigger":{"eventType":"providers/cloud.firestore/eventTypes/document.update","resource":"projects/rifa-digital-f6425/databases/(default)/documents/Pagamentos/{pagamentoId}","failurePolicy":{}},"entryPoint":"atualizarStatusSorteio","updateTime":"1970-01-01T00:00:00Z","labels":{"deployment-tool":"cli-firebase","firebase-functions-hash":"33480bce64bd1a534c4276725b9a07d4bb1ff2a5"},"sourceUploadUrl":"https://storage.googleapis.com/uploads-102288537464.us-central1.cloudfunctions.appspot.com/f921fee9-71a0-4c05-93a5-bfbb84dbe6ff.zip?GoogleAccessId=service-763080965700@gcf-admin-robot.iam.gserviceaccount.com&Expires=1766946690&Signature=Y6KpRP0a8RF86PblEADfO92BcGneuYxLaq7eDQiyUJvsCP4CQbkHx%2FP3C6UXUOpwFwgHPrgbmlwGkIkSduAubtP0jWrMrAvyVL%2FfgoVO2BYliC3tWHZzEDmux0%2F98EKQ5g6zFpxAbY3%2BpWqaxjZWw37q4Y4yv1fV91Dv%2F7JrH73G3vcq2LNlrn5qcrBysHjHXZLCjtLXBTPCbMxNcoKXVbDDtqB5jrKSnaKEQq4Qx0L2XhkpqMUg8n6NHkOZ1bk2%2BS35D11MPJKrsjNZcnlrvDu26PF64qdNL%2BfG2v%2BaX%2B464xxFbTVgjBBLYaycfZ2aCCcRU7aW63WwHn8PygXNzg%3D%3D","environmentVariables":{"FIREBASE_CONFIG":"{\"projectId\":\"rifa-digital-f6425\",\"storageBucket\":\"rifa-digital-f6425.firebasestorage.app\"}","GCLOUD_PROJECT":"rifa-digital-f6425","EVENTARC_CLOUD_EVENT_SOURCE":"projects/rifa-digital-f6425/locations/us-central1/functions/atualizarStatusSorteio"},"runtime":"nodejs20","buildEnvironmentVariables":{"GOOGLE_NODE_RUN_SCRIPTS":""},"dockerRegistry":"ARTIFACT_REGISTRY"},"versionId":"1","updateTime":"2025-12-28T18:01:32.604531614Z","buildId":"a1d58a3d-af79-4ee9-8277-708d39c5ab21","buildName":"projects/763080965700/locations/us-central1/builds/a1d58a3d-af79-4ee9-8277-708d39c5ab21"}}
[debug] [2025-12-28T18:01:38.526Z] [create-default-us-central1-atualizarStatusSorteio] Retrying task index 0
[debug] [2025-12-28T18:01:38.526Z] Checked if tokens are valid: true, expires at: 1766948475669
[debug] [2025-12-28T18:01:38.526Z] Checked if tokens are valid: true, expires at: 1766948475669
[debug] [2025-12-28T18:01:38.526Z] >>> [apiv2][query] GET https://cloudfunctions.googleapis.com/v1/operations/cHJvamVjdHMvcmlmYS1kaWdpdGFsLWY2NDI1L2xvY2F0aW9ucy91cy1jZW50cmFsMS9vcGVyYXRpb25zL29wZXJhdGlvbi0xNzY2OTQ0ODkyMTY2LTY0NzA2ZWFhMmEyY2ItMTEwNjkyZTgtOWI0MThiMjg [none]
[debug] [2025-12-28T18:01:39.740Z] <<< [apiv2][status] GET https://cloudfunctions.googleapis.com/v1/operations/cHJvamVjdHMvcmlmYS1kaWdpdGFsLWY2NDI1L2xvY2F0aW9ucy91cy1jZW50cmFsMS9vcGVyYXRpb25zL29wZXJhdGlvbi0xNzY2OTQ0ODkyMTY2LTY0NzA2ZWFhMmEyY2ItMTEwNjkyZTgtOWI0MThiMjg 200
[debug] [2025-12-28T18:01:39.740Z] <<< [apiv2][body] GET https://cloudfunctions.googleapis.com/v1/operations/cHJvamVjdHMvcmlmYS1kaWdpdGFsLWY2NDI1L2xvY2F0aW9ucy91cy1jZW50cmFsMS9vcGVyYXRpb25zL29wZXJhdGlvbi0xNzY2OTQ0ODkyMTY2LTY0NzA2ZWFhMmEyY2ItMTEwNjkyZTgtOWI0MThiMjg {"name":"operations/cHJvamVjdHMvcmlmYS1kaWdpdGFsLWY2NDI1L2xvY2F0aW9ucy91cy1jZW50cmFsMS9vcGVyYXRpb25zL29wZXJhdGlvbi0xNzY2OTQ0ODkyMTY2LTY0NzA2ZWFhMmEyY2ItMTEwNjkyZTgtOWI0MThiMjg","metadata":{"@type":"type.googleapis.com/google.cloud.functions.v1.OperationMetadataV1","target":"projects/rifa-digital-f6425/locations/us-central1/functions/atualizarStatusSorteio","type":"CREATE_FUNCTION","request":{"@type":"type.googleapis.com/google.cloud.functions.v1.CloudFunction","name":"projects/rifa-digital-f6425/locations/us-central1/functions/atualizarStatusSorteio","eventTrigger":{"eventType":"providers/cloud.firestore/eventTypes/document.update","resource":"projects/rifa-digital-f6425/databases/(default)/documents/Pagamentos/{pagamentoId}","failurePolicy":{}},"entryPoint":"atualizarStatusSorteio","updateTime":"1970-01-01T00:00:00Z","labels":{"deployment-tool":"cli-firebase","firebase-functions-hash":"33480bce64bd1a534c4276725b9a07d4bb1ff2a5"},"sourceUploadUrl":"https://storage.googleapis.com/uploads-102288537464.us-central1.cloudfunctions.appspot.com/f921fee9-71a0-4c05-93a5-bfbb84dbe6ff.zip?GoogleAccessId=service-763080965700@gcf-admin-robot.iam.gserviceaccount.com&Expires=1766946690&Signature=Y6KpRP0a8RF86PblEADfO92BcGneuYxLaq7eDQiyUJvsCP4CQbkHx%2FP3C6UXUOpwFwgHPrgbmlwGkIkSduAubtP0jWrMrAvyVL%2FfgoVO2BYliC3tWHZzEDmux0%2F98EKQ5g6zFpxAbY3%2BpWqaxjZWw37q4Y4yv1fV91Dv%2F7JrH73G3vcq2LNlrn5qcrBysHjHXZLCjtLXBTPCbMxNcoKXVbDDtqB5jrKSnaKEQq4Qx0L2XhkpqMUg8n6NHkOZ1bk2%2BS35D11MPJKrsjNZcnlrvDu26PF64qdNL%2BfG2v%2BaX%2B464xxFbTVgjBBLYaycfZ2aCCcRU7aW63WwHn8PygXNzg%3D%3D","environmentVariables":{"FIREBASE_CONFIG":"{\"projectId\":\"rifa-digital-f6425\",\"storageBucket\":\"rifa-digital-f6425.firebasestorage.app\"}","GCLOUD_PROJECT":"rifa-digital-f6425","EVENTARC_CLOUD_EVENT_SOURCE":"projects/rifa-digital-f6425/locations/us-central1/functions/atualizarStatusSorteio"},"runtime":"nodejs20","buildEnvironmentVariables":{"GOOGLE_NODE_RUN_SCRIPTS":""},"dockerRegistry":"ARTIFACT_REGISTRY"},"versionId":"1","updateTime":"2025-12-28T18:01:32.604531614Z","buildId":"a1d58a3d-af79-4ee9-8277-708d39c5ab21","buildName":"projects/763080965700/locations/us-central1/builds/a1d58a3d-af79-4ee9-8277-708d39c5ab21"}}
[debug] [2025-12-28T18:01:43.749Z] [create-default-us-central1-atualizarStatusSorteio] Retrying task index 0
[debug] [2025-12-28T18:01:43.749Z] Checked if tokens are valid: true, expires at: 1766948475669
[debug] [2025-12-28T18:01:43.749Z] Checked if tokens are valid: true, expires at: 1766948475669
[debug] [2025-12-28T18:01:43.750Z] >>> [apiv2][query] GET https://cloudfunctions.googleapis.com/v1/operations/cHJvamVjdHMvcmlmYS1kaWdpdGFsLWY2NDI1L2xvY2F0aW9ucy91cy1jZW50cmFsMS9vcGVyYXRpb25zL29wZXJhdGlvbi0xNzY2OTQ0ODkyMTY2LTY0NzA2ZWFhMmEyY2ItMTEwNjkyZTgtOWI0MThiMjg [none]
[debug] [2025-12-28T18:01:44.326Z] <<< [apiv2][status] GET https://cloudfunctions.googleapis.com/v1/operations/cHJvamVjdHMvcmlmYS1kaWdpdGFsLWY2NDI1L2xvY2F0aW9ucy91cy1jZW50cmFsMS9vcGVyYXRpb25zL29wZXJhdGlvbi0xNzY2OTQ0ODkyMTY2LTY0NzA2ZWFhMmEyY2ItMTEwNjkyZTgtOWI0MThiMjg 200
[debug] [2025-12-28T18:01:44.326Z] <<< [apiv2][body] GET https://cloudfunctions.googleapis.com/v1/operations/cHJvamVjdHMvcmlmYS1kaWdpdGFsLWY2NDI1L2xvY2F0aW9ucy91cy1jZW50cmFsMS9vcGVyYXRpb25zL29wZXJhdGlvbi0xNzY2OTQ0ODkyMTY2LTY0NzA2ZWFhMmEyY2ItMTEwNjkyZTgtOWI0MThiMjg {"name":"operations/cHJvamVjdHMvcmlmYS1kaWdpdGFsLWY2NDI1L2xvY2F0aW9ucy91cy1jZW50cmFsMS9vcGVyYXRpb25zL29wZXJhdGlvbi0xNzY2OTQ0ODkyMTY2LTY0NzA2ZWFhMmEyY2ItMTEwNjkyZTgtOWI0MThiMjg","metadata":{"@type":"type.googleapis.com/google.cloud.functions.v1.OperationMetadataV1","target":"projects/rifa-digital-f6425/locations/us-central1/functions/atualizarStatusSorteio","type":"CREATE_FUNCTION","request":{"@type":"type.googleapis.com/google.cloud.functions.v1.CloudFunction","name":"projects/rifa-digital-f6425/locations/us-central1/functions/atualizarStatusSorteio","eventTrigger":{"eventType":"providers/cloud.firestore/eventTypes/document.update","resource":"projects/rifa-digital-f6425/databases/(default)/documents/Pagamentos/{pagamentoId}","failurePolicy":{}},"entryPoint":"atualizarStatusSorteio","updateTime":"1970-01-01T00:00:00Z","labels":{"deployment-tool":"cli-firebase","firebase-functions-hash":"33480bce64bd1a534c4276725b9a07d4bb1ff2a5"},"sourceUploadUrl":"https://storage.googleapis.com/uploads-102288537464.us-central1.cloudfunctions.appspot.com/f921fee9-71a0-4c05-93a5-bfbb84dbe6ff.zip?GoogleAccessId=service-763080965700@gcf-admin-robot.iam.gserviceaccount.com&Expires=1766946690&Signature=Y6KpRP0a8RF86PblEADfO92BcGneuYxLaq7eDQiyUJvsCP4CQbkHx%2FP3C6UXUOpwFwgHPrgbmlwGkIkSduAubtP0jWrMrAvyVL%2FfgoVO2BYliC3tWHZzEDmux0%2F98EKQ5g6zFpxAbY3%2BpWqaxjZWw37q4Y4yv1fV91Dv%2F7JrH73G3vcq2LNlrn5qcrBysHjHXZLCjtLXBTPCbMxNcoKXVbDDtqB5jrKSnaKEQq4Qx0L2XhkpqMUg8n6NHkOZ1bk2%2BS35D11MPJKrsjNZcnlrvDu26PF64qdNL%2BfG2v%2BaX%2B464xxFbTVgjBBLYaycfZ2aCCcRU7aW63WwHn8PygXNzg%3D%3D","environmentVariables":{"FIREBASE_CONFIG":"{\"projectId\":\"rifa-digital-f6425\",\"storageBucket\":\"rifa-digital-f6425.firebasestorage.app\"}","GCLOUD_PROJECT":"rifa-digital-f6425","EVENTARC_CLOUD_EVENT_SOURCE":"projects/rifa-digital-f6425/locations/us-central1/functions/atualizarStatusSorteio"},"runtime":"nodejs20","buildEnvironmentVariables":{"GOOGLE_NODE_RUN_SCRIPTS":""},"dockerRegistry":"ARTIFACT_REGISTRY"},"versionId":"1","updateTime":"2025-12-28T18:01:32.604531614Z","buildId":"a1d58a3d-af79-4ee9-8277-708d39c5ab21","buildName":"projects/763080965700/locations/us-central1/builds/a1d58a3d-af79-4ee9-8277-708d39c5ab21"}}
[debug] [2025-12-28T18:01:52.331Z] [create-default-us-central1-atualizarStatusSorteio] Retrying task index 0
[debug] [2025-12-28T18:01:52.332Z] Checked if tokens are valid: true, expires at: 1766948475669
[debug] [2025-12-28T18:01:52.332Z] Checked if tokens are valid: true, expires at: 1766948475669
[debug] [2025-12-28T18:01:52.332Z] >>> [apiv2][query] GET https://cloudfunctions.googleapis.com/v1/operations/cHJvamVjdHMvcmlmYS1kaWdpdGFsLWY2NDI1L2xvY2F0aW9ucy91cy1jZW50cmFsMS9vcGVyYXRpb25zL29wZXJhdGlvbi0xNzY2OTQ0ODkyMTY2LTY0NzA2ZWFhMmEyY2ItMTEwNjkyZTgtOWI0MThiMjg [none]
[debug] [2025-12-28T18:01:53.137Z] <<< [apiv2][status] GET https://cloudfunctions.googleapis.com/v1/operations/cHJvamVjdHMvcmlmYS1kaWdpdGFsLWY2NDI1L2xvY2F0aW9ucy91cy1jZW50cmFsMS9vcGVyYXRpb25zL29wZXJhdGlvbi0xNzY2OTQ0ODkyMTY2LTY0NzA2ZWFhMmEyY2ItMTEwNjkyZTgtOWI0MThiMjg 200
[debug] [2025-12-28T18:01:53.137Z] <<< [apiv2][body] GET https://cloudfunctions.googleapis.com/v1/operations/cHJvamVjdHMvcmlmYS1kaWdpdGFsLWY2NDI1L2xvY2F0aW9ucy91cy1jZW50cmFsMS9vcGVyYXRpb25zL29wZXJhdGlvbi0xNzY2OTQ0ODkyMTY2LTY0NzA2ZWFhMmEyY2ItMTEwNjkyZTgtOWI0MThiMjg {"name":"operations/cHJvamVjdHMvcmlmYS1kaWdpdGFsLWY2NDI1L2xvY2F0aW9ucy91cy1jZW50cmFsMS9vcGVyYXRpb25zL29wZXJhdGlvbi0xNzY2OTQ0ODkyMTY2LTY0NzA2ZWFhMmEyY2ItMTEwNjkyZTgtOWI0MThiMjg","metadata":{"@type":"type.googleapis.com/google.cloud.functions.v1.OperationMetadataV1","target":"projects/rifa-digital-f6425/locations/us-central1/functions/atualizarStatusSorteio","type":"CREATE_FUNCTION","request":{"@type":"type.googleapis.com/google.cloud.functions.v1.CloudFunction","name":"projects/rifa-digital-f6425/locations/us-central1/functions/atualizarStatusSorteio","eventTrigger":{"eventType":"providers/cloud.firestore/eventTypes/document.update","resource":"projects/rifa-digital-f6425/databases/(default)/documents/Pagamentos/{pagamentoId}","failurePolicy":{}},"entryPoint":"atualizarStatusSorteio","updateTime":"1970-01-01T00:00:00Z","labels":{"deployment-tool":"cli-firebase","firebase-functions-hash":"33480bce64bd1a534c4276725b9a07d4bb1ff2a5"},"sourceUploadUrl":"https://storage.googleapis.com/uploads-102288537464.us-central1.cloudfunctions.appspot.com/f921fee9-71a0-4c05-93a5-bfbb84dbe6ff.zip?GoogleAccessId=service-763080965700@gcf-admin-robot.iam.gserviceaccount.com&Expires=1766946690&Signature=Y6KpRP0a8RF86PblEADfO92BcGneuYxLaq7eDQiyUJvsCP4CQbkHx%2FP3C6UXUOpwFwgHPrgbmlwGkIkSduAubtP0jWrMrAvyVL%2FfgoVO2BYliC3tWHZzEDmux0%2F98EKQ5g6zFpxAbY3%2BpWqaxjZWw37q4Y4yv1fV91Dv%2F7JrH73G3vcq2LNlrn5qcrBysHjHXZLCjtLXBTPCbMxNcoKXVbDDtqB5jrKSnaKEQq4Qx0L2XhkpqMUg8n6NHkOZ1bk2%2BS35D11MPJKrsjNZcnlrvDu26PF64qdNL%2BfG2v%2BaX%2B464xxFbTVgjBBLYaycfZ2aCCcRU7aW63WwHn8PygXNzg%3D%3D","environmentVariables":{"FIREBASE_CONFIG":"{\"projectId\":\"rifa-digital-f6425\",\"storageBucket\":\"rifa-digital-f6425.firebasestorage.app\"}","GCLOUD_PROJECT":"rifa-digital-f6425","EVENTARC_CLOUD_EVENT_SOURCE":"projects/rifa-digital-f6425/locations/us-central1/functions/atualizarStatusSorteio"},"runtime":"nodejs20","buildEnvironmentVariables":{"GOOGLE_NODE_RUN_SCRIPTS":""},"dockerRegistry":"ARTIFACT_REGISTRY"},"versionId":"1","updateTime":"2025-12-28T18:01:32.604531614Z","buildId":"a1d58a3d-af79-4ee9-8277-708d39c5ab21","buildName":"projects/763080965700/locations/us-central1/builds/a1d58a3d-af79-4ee9-8277-708d39c5ab21"}}
[debug] [2025-12-28T18:02:03.138Z] [create-default-us-central1-atualizarStatusSorteio] Retrying task index 0
[debug] [2025-12-28T18:02:03.138Z] Checked if tokens are valid: true, expires at: 1766948475669
[debug] [2025-12-28T18:02:03.138Z] Checked if tokens are valid: true, expires at: 1766948475669
[debug] [2025-12-28T18:02:03.139Z] >>> [apiv2][query] GET https://cloudfunctions.googleapis.com/v1/operations/cHJvamVjdHMvcmlmYS1kaWdpdGFsLWY2NDI1L2xvY2F0aW9ucy91cy1jZW50cmFsMS9vcGVyYXRpb25zL29wZXJhdGlvbi0xNzY2OTQ0ODkyMTY2LTY0NzA2ZWFhMmEyY2ItMTEwNjkyZTgtOWI0MThiMjg [none]
[debug] [2025-12-28T18:02:03.920Z] <<< [apiv2][status] GET https://cloudfunctions.googleapis.com/v1/operations/cHJvamVjdHMvcmlmYS1kaWdpdGFsLWY2NDI1L2xvY2F0aW9ucy91cy1jZW50cmFsMS9vcGVyYXRpb25zL29wZXJhdGlvbi0xNzY2OTQ0ODkyMTY2LTY0NzA2ZWFhMmEyY2ItMTEwNjkyZTgtOWI0MThiMjg 200
[debug] [2025-12-28T18:02:03.921Z] <<< [apiv2][body] GET https://cloudfunctions.googleapis.com/v1/operations/cHJvamVjdHMvcmlmYS1kaWdpdGFsLWY2NDI1L2xvY2F0aW9ucy91cy1jZW50cmFsMS9vcGVyYXRpb25zL29wZXJhdGlvbi0xNzY2OTQ0ODkyMTY2LTY0NzA2ZWFhMmEyY2ItMTEwNjkyZTgtOWI0MThiMjg {"name":"operations/cHJvamVjdHMvcmlmYS1kaWdpdGFsLWY2NDI1L2xvY2F0aW9ucy91cy1jZW50cmFsMS9vcGVyYXRpb25zL29wZXJhdGlvbi0xNzY2OTQ0ODkyMTY2LTY0NzA2ZWFhMmEyY2ItMTEwNjkyZTgtOWI0MThiMjg","metadata":{"@type":"type.googleapis.com/google.cloud.functions.v1.OperationMetadataV1","target":"projects/rifa-digital-f6425/locations/us-central1/functions/atualizarStatusSorteio","type":"CREATE_FUNCTION","request":{"@type":"type.googleapis.com/google.cloud.functions.v1.CloudFunction","name":"projects/rifa-digital-f6425/locations/us-central1/functions/atualizarStatusSorteio","eventTrigger":{"eventType":"providers/cloud.firestore/eventTypes/document.update","resource":"projects/rifa-digital-f6425/databases/(default)/documents/Pagamentos/{pagamentoId}","failurePolicy":{}},"entryPoint":"atualizarStatusSorteio","updateTime":"1970-01-01T00:00:00Z","labels":{"deployment-tool":"cli-firebase","firebase-functions-hash":"33480bce64bd1a534c4276725b9a07d4bb1ff2a5"},"sourceUploadUrl":"https://storage.googleapis.com/uploads-102288537464.us-central1.cloudfunctions.appspot.com/f921fee9-71a0-4c05-93a5-bfbb84dbe6ff.zip?GoogleAccessId=service-763080965700@gcf-admin-robot.iam.gserviceaccount.com&Expires=1766946690&Signature=Y6KpRP0a8RF86PblEADfO92BcGneuYxLaq7eDQiyUJvsCP4CQbkHx%2FP3C6UXUOpwFwgHPrgbmlwGkIkSduAubtP0jWrMrAvyVL%2FfgoVO2BYliC3tWHZzEDmux0%2F98EKQ5g6zFpxAbY3%2BpWqaxjZWw37q4Y4yv1fV91Dv%2F7JrH73G3vcq2LNlrn5qcrBysHjHXZLCjtLXBTPCbMxNcoKXVbDDtqB5jrKSnaKEQq4Qx0L2XhkpqMUg8n6NHkOZ1bk2%2BS35D11MPJKrsjNZcnlrvDu26PF64qdNL%2BfG2v%2BaX%2B464xxFbTVgjBBLYaycfZ2aCCcRU7aW63WwHn8PygXNzg%3D%3D","environmentVariables":{"FIREBASE_CONFIG":"{\"projectId\":\"rifa-digital-f6425\",\"storageBucket\":\"rifa-digital-f6425.firebasestorage.app\"}","GCLOUD_PROJECT":"rifa-digital-f6425","EVENTARC_CLOUD_EVENT_SOURCE":"projects/rifa-digital-f6425/locations/us-central1/functions/atualizarStatusSorteio"},"runtime":"nodejs20","buildEnvironmentVariables":{"GOOGLE_NODE_RUN_SCRIPTS":""},"dockerRegistry":"ARTIFACT_REGISTRY"},"versionId":"1","updateTime":"2025-12-28T18:01:32.604531614Z","buildId":"a1d58a3d-af79-4ee9-8277-708d39c5ab21","buildName":"projects/763080965700/locations/us-central1/builds/a1d58a3d-af79-4ee9-8277-708d39c5ab21"}}
[debug] [2025-12-28T18:02:13.923Z] [create-default-us-central1-atualizarStatusSorteio] Retrying task index 0
[debug] [2025-12-28T18:02:13.924Z] Checked if tokens are valid: true, expires at: 1766948475669
[debug] [2025-12-28T18:02:13.924Z] Checked if tokens are valid: true, expires at: 1766948475669
[debug] [2025-12-28T18:02:13.924Z] >>> [apiv2][query] GET https://cloudfunctions.googleapis.com/v1/operations/cHJvamVjdHMvcmlmYS1kaWdpdGFsLWY2NDI1L2xvY2F0aW9ucy91cy1jZW50cmFsMS9vcGVyYXRpb25zL29wZXJhdGlvbi0xNzY2OTQ0ODkyMTY2LTY0NzA2ZWFhMmEyY2ItMTEwNjkyZTgtOWI0MThiMjg [none]
[debug] [2025-12-28T18:02:14.662Z] <<< [apiv2][status] GET https://cloudfunctions.googleapis.com/v1/operations/cHJvamVjdHMvcmlmYS1kaWdpdGFsLWY2NDI1L2xvY2F0aW9ucy91cy1jZW50cmFsMS9vcGVyYXRpb25zL29wZXJhdGlvbi0xNzY2OTQ0ODkyMTY2LTY0NzA2ZWFhMmEyY2ItMTEwNjkyZTgtOWI0MThiMjg 200
[debug] [2025-12-28T18:02:14.662Z] <<< [apiv2][body] GET https://cloudfunctions.googleapis.com/v1/operations/cHJvamVjdHMvcmlmYS1kaWdpdGFsLWY2NDI1L2xvY2F0aW9ucy91cy1jZW50cmFsMS9vcGVyYXRpb25zL29wZXJhdGlvbi0xNzY2OTQ0ODkyMTY2LTY0NzA2ZWFhMmEyY2ItMTEwNjkyZTgtOWI0MThiMjg {"name":"operations/cHJvamVjdHMvcmlmYS1kaWdpdGFsLWY2NDI1L2xvY2F0aW9ucy91cy1jZW50cmFsMS9vcGVyYXRpb25zL29wZXJhdGlvbi0xNzY2OTQ0ODkyMTY2LTY0NzA2ZWFhMmEyY2ItMTEwNjkyZTgtOWI0MThiMjg","metadata":{"@type":"type.googleapis.com/google.cloud.functions.v1.OperationMetadataV1","target":"projects/rifa-digital-f6425/locations/us-central1/functions/atualizarStatusSorteio","type":"CREATE_FUNCTION","request":{"@type":"type.googleapis.com/google.cloud.functions.v1.CloudFunction","name":"projects/rifa-digital-f6425/locations/us-central1/functions/atualizarStatusSorteio","eventTrigger":{"eventType":"providers/cloud.firestore/eventTypes/document.update","resource":"projects/rifa-digital-f6425/databases/(default)/documents/Pagamentos/{pagamentoId}","failurePolicy":{}},"entryPoint":"atualizarStatusSorteio","updateTime":"1970-01-01T00:00:00Z","labels":{"deployment-tool":"cli-firebase","firebase-functions-hash":"33480bce64bd1a534c4276725b9a07d4bb1ff2a5"},"sourceUploadUrl":"https://storage.googleapis.com/uploads-102288537464.us-central1.cloudfunctions.appspot.com/f921fee9-71a0-4c05-93a5-bfbb84dbe6ff.zip?GoogleAccessId=service-763080965700@gcf-admin-robot.iam.gserviceaccount.com&Expires=1766946690&Signature=Y6KpRP0a8RF86PblEADfO92BcGneuYxLaq7eDQiyUJvsCP4CQbkHx%2FP3C6UXUOpwFwgHPrgbmlwGkIkSduAubtP0jWrMrAvyVL%2FfgoVO2BYliC3tWHZzEDmux0%2F98EKQ5g6zFpxAbY3%2BpWqaxjZWw37q4Y4yv1fV91Dv%2F7JrH73G3vcq2LNlrn5qcrBysHjHXZLCjtLXBTPCbMxNcoKXVbDDtqB5jrKSnaKEQq4Qx0L2XhkpqMUg8n6NHkOZ1bk2%2BS35D11MPJKrsjNZcnlrvDu26PF64qdNL%2BfG2v%2BaX%2B464xxFbTVgjBBLYaycfZ2aCCcRU7aW63WwHn8PygXNzg%3D%3D","environmentVariables":{"FIREBASE_CONFIG":"{\"projectId\":\"rifa-digital-f6425\",\"storageBucket\":\"rifa-digital-f6425.firebasestorage.app\"}","GCLOUD_PROJECT":"rifa-digital-f6425","EVENTARC_CLOUD_EVENT_SOURCE":"projects/rifa-digital-f6425/locations/us-central1/functions/atualizarStatusSorteio"},"runtime":"nodejs20","buildEnvironmentVariables":{"GOOGLE_NODE_RUN_SCRIPTS":""},"dockerRegistry":"ARTIFACT_REGISTRY"},"versionId":"1","updateTime":"2025-12-28T18:01:32.604531614Z","buildId":"a1d58a3d-af79-4ee9-8277-708d39c5ab21","buildName":"projects/763080965700/locations/us-central1/builds/a1d58a3d-af79-4ee9-8277-708d39c5ab21"}}
[debug] [2025-12-28T18:02:24.666Z] [create-default-us-central1-atualizarStatusSorteio] Retrying task index 0
[debug] [2025-12-28T18:02:24.667Z] Checked if tokens are valid: true, expires at: 1766948475669
[debug] [2025-12-28T18:02:24.667Z] Checked if tokens are valid: true, expires at: 1766948475669
[debug] [2025-12-28T18:02:24.667Z] >>> [apiv2][query] GET https://cloudfunctions.googleapis.com/v1/operations/cHJvamVjdHMvcmlmYS1kaWdpdGFsLWY2NDI1L2xvY2F0aW9ucy91cy1jZW50cmFsMS9vcGVyYXRpb25zL29wZXJhdGlvbi0xNzY2OTQ0ODkyMTY2LTY0NzA2ZWFhMmEyY2ItMTEwNjkyZTgtOWI0MThiMjg [none]
[debug] [2025-12-28T18:02:25.405Z] <<< [apiv2][status] GET https://cloudfunctions.googleapis.com/v1/operations/cHJvamVjdHMvcmlmYS1kaWdpdGFsLWY2NDI1L2xvY2F0aW9ucy91cy1jZW50cmFsMS9vcGVyYXRpb25zL29wZXJhdGlvbi0xNzY2OTQ0ODkyMTY2LTY0NzA2ZWFhMmEyY2ItMTEwNjkyZTgtOWI0MThiMjg 200
[debug] [2025-12-28T18:02:25.405Z] <<< [apiv2][body] GET https://cloudfunctions.googleapis.com/v1/operations/cHJvamVjdHMvcmlmYS1kaWdpdGFsLWY2NDI1L2xvY2F0aW9ucy91cy1jZW50cmFsMS9vcGVyYXRpb25zL29wZXJhdGlvbi0xNzY2OTQ0ODkyMTY2LTY0NzA2ZWFhMmEyY2ItMTEwNjkyZTgtOWI0MThiMjg {"name":"operations/cHJvamVjdHMvcmlmYS1kaWdpdGFsLWY2NDI1L2xvY2F0aW9ucy91cy1jZW50cmFsMS9vcGVyYXRpb25zL29wZXJhdGlvbi0xNzY2OTQ0ODkyMTY2LTY0NzA2ZWFhMmEyY2ItMTEwNjkyZTgtOWI0MThiMjg","metadata":{"@type":"type.googleapis.com/google.cloud.functions.v1.OperationMetadataV1","target":"projects/rifa-digital-f6425/locations/us-central1/functions/atualizarStatusSorteio","type":"CREATE_FUNCTION","request":{"@type":"type.googleapis.com/google.cloud.functions.v1.CloudFunction","name":"projects/rifa-digital-f6425/locations/us-central1/functions/atualizarStatusSorteio","eventTrigger":{"eventType":"providers/cloud.firestore/eventTypes/document.update","resource":"projects/rifa-digital-f6425/databases/(default)/documents/Pagamentos/{pagamentoId}","failurePolicy":{}},"entryPoint":"atualizarStatusSorteio","updateTime":"1970-01-01T00:00:00Z","labels":{"deployment-tool":"cli-firebase","firebase-functions-hash":"33480bce64bd1a534c4276725b9a07d4bb1ff2a5"},"sourceUploadUrl":"https://storage.googleapis.com/uploads-102288537464.us-central1.cloudfunctions.appspot.com/f921fee9-71a0-4c05-93a5-bfbb84dbe6ff.zip?GoogleAccessId=service-763080965700@gcf-admin-robot.iam.gserviceaccount.com&Expires=1766946690&Signature=Y6KpRP0a8RF86PblEADfO92BcGneuYxLaq7eDQiyUJvsCP4CQbkHx%2FP3C6UXUOpwFwgHPrgbmlwGkIkSduAubtP0jWrMrAvyVL%2FfgoVO2BYliC3tWHZzEDmux0%2F98EKQ5g6zFpxAbY3%2BpWqaxjZWw37q4Y4yv1fV91Dv%2F7JrH73G3vcq2LNlrn5qcrBysHjHXZLCjtLXBTPCbMxNcoKXVbDDtqB5jrKSnaKEQq4Qx0L2XhkpqMUg8n6NHkOZ1bk2%2BS35D11MPJKrsjNZcnlrvDu26PF64qdNL%2BfG2v%2BaX%2B464xxFbTVgjBBLYaycfZ2aCCcRU7aW63WwHn8PygXNzg%3D%3D","environmentVariables":{"FIREBASE_CONFIG":"{\"projectId\":\"rifa-digital-f6425\",\"storageBucket\":\"rifa-digital-f6425.firebasestorage.app\"}","GCLOUD_PROJECT":"rifa-digital-f6425","EVENTARC_CLOUD_EVENT_SOURCE":"projects/rifa-digital-f6425/locations/us-central1/functions/atualizarStatusSorteio"},"runtime":"nodejs20","buildEnvironmentVariables":{"GOOGLE_NODE_RUN_SCRIPTS":""},"dockerRegistry":"ARTIFACT_REGISTRY"},"versionId":"1","updateTime":"2025-12-28T18:01:32.604531614Z","buildId":"a1d58a3d-af79-4ee9-8277-708d39c5ab21","buildName":"projects/763080965700/locations/us-central1/builds/a1d58a3d-af79-4ee9-8277-708d39c5ab21"}}
[debug] [2025-12-28T18:02:35.411Z] [create-default-us-central1-atualizarStatusSorteio] Retrying task index 0
[debug] [2025-12-28T18:02:35.411Z] Checked if tokens are valid: true, expires at: 1766948475669
[debug] [2025-12-28T18:02:35.411Z] Checked if tokens are valid: true, expires at: 1766948475669
[debug] [2025-12-28T18:02:35.411Z] >>> [apiv2][query] GET https://cloudfunctions.googleapis.com/v1/operations/cHJvamVjdHMvcmlmYS1kaWdpdGFsLWY2NDI1L2xvY2F0aW9ucy91cy1jZW50cmFsMS9vcGVyYXRpb25zL29wZXJhdGlvbi0xNzY2OTQ0ODkyMTY2LTY0NzA2ZWFhMmEyY2ItMTEwNjkyZTgtOWI0MThiMjg [none]
[debug] [2025-12-28T18:02:36.207Z] <<< [apiv2][status] GET https://cloudfunctions.googleapis.com/v1/operations/cHJvamVjdHMvcmlmYS1kaWdpdGFsLWY2NDI1L2xvY2F0aW9ucy91cy1jZW50cmFsMS9vcGVyYXRpb25zL29wZXJhdGlvbi0xNzY2OTQ0ODkyMTY2LTY0NzA2ZWFhMmEyY2ItMTEwNjkyZTgtOWI0MThiMjg 200
[debug] [2025-12-28T18:02:36.207Z] <<< [apiv2][body] GET https://cloudfunctions.googleapis.com/v1/operations/cHJvamVjdHMvcmlmYS1kaWdpdGFsLWY2NDI1L2xvY2F0aW9ucy91cy1jZW50cmFsMS9vcGVyYXRpb25zL29wZXJhdGlvbi0xNzY2OTQ0ODkyMTY2LTY0NzA2ZWFhMmEyY2ItMTEwNjkyZTgtOWI0MThiMjg {"name":"operations/cHJvamVjdHMvcmlmYS1kaWdpdGFsLWY2NDI1L2xvY2F0aW9ucy91cy1jZW50cmFsMS9vcGVyYXRpb25zL29wZXJhdGlvbi0xNzY2OTQ0ODkyMTY2LTY0NzA2ZWFhMmEyY2ItMTEwNjkyZTgtOWI0MThiMjg","metadata":{"@type":"type.googleapis.com/google.cloud.functions.v1.OperationMetadataV1","target":"projects/rifa-digital-f6425/locations/us-central1/functions/atualizarStatusSorteio","type":"CREATE_FUNCTION","request":{"@type":"type.googleapis.com/google.cloud.functions.v1.CloudFunction","name":"projects/rifa-digital-f6425/locations/us-central1/functions/atualizarStatusSorteio","eventTrigger":{"eventType":"providers/cloud.firestore/eventTypes/document.update","resource":"projects/rifa-digital-f6425/databases/(default)/documents/Pagamentos/{pagamentoId}","failurePolicy":{}},"entryPoint":"atualizarStatusSorteio","updateTime":"1970-01-01T00:00:00Z","labels":{"deployment-tool":"cli-firebase","firebase-functions-hash":"33480bce64bd1a534c4276725b9a07d4bb1ff2a5"},"sourceUploadUrl":"https://storage.googleapis.com/uploads-102288537464.us-central1.cloudfunctions.appspot.com/f921fee9-71a0-4c05-93a5-bfbb84dbe6ff.zip?GoogleAccessId=service-763080965700@gcf-admin-robot.iam.gserviceaccount.com&Expires=1766946690&Signature=Y6KpRP0a8RF86PblEADfO92BcGneuYxLaq7eDQiyUJvsCP4CQbkHx%2FP3C6UXUOpwFwgHPrgbmlwGkIkSduAubtP0jWrMrAvyVL%2FfgoVO2BYliC3tWHZzEDmux0%2F98EKQ5g6zFpxAbY3%2BpWqaxjZWw37q4Y4yv1fV91Dv%2F7JrH73G3vcq2LNlrn5qcrBysHjHXZLCjtLXBTPCbMxNcoKXVbDDtqB5jrKSnaKEQq4Qx0L2XhkpqMUg8n6NHkOZ1bk2%2BS35D11MPJKrsjNZcnlrvDu26PF64qdNL%2BfG2v%2BaX%2B464xxFbTVgjBBLYaycfZ2aCCcRU7aW63WwHn8PygXNzg%3D%3D","environmentVariables":{"FIREBASE_CONFIG":"{\"projectId\":\"rifa-digital-f6425\",\"storageBucket\":\"rifa-digital-f6425.firebasestorage.app\"}","GCLOUD_PROJECT":"rifa-digital-f6425","EVENTARC_CLOUD_EVENT_SOURCE":"projects/rifa-digital-f6425/locations/us-central1/functions/atualizarStatusSorteio"},"runtime":"nodejs20","buildEnvironmentVariables":{"GOOGLE_NODE_RUN_SCRIPTS":""},"dockerRegistry":"ARTIFACT_REGISTRY"},"versionId":"1","updateTime":"2025-12-28T18:01:32.604531614Z","buildId":"a1d58a3d-af79-4ee9-8277-708d39c5ab21","sourceToken":"9e16af42-3eb7-40a7-8953-e6df31d08fcf","buildName":"projects/763080965700/locations/us-central1/builds/a1d58a3d-af79-4ee9-8277-708d39c5ab21"}}
[debug] [2025-12-28T18:02:36.207Z] Got source token 9e16af42-3eb7-40a7-8953-e6df31d08fcf for region us-central1
[debug] [2025-12-28T18:02:36.208Z] Checked if tokens are valid: true, expires at: 1766948475669
[debug] [2025-12-28T18:02:36.208Z] Checked if tokens are valid: true, expires at: 1766948475669
[debug] [2025-12-28T18:02:36.208Z] Checked if tokens are valid: true, expires at: 1766948475669
[debug] [2025-12-28T18:02:36.208Z] Checked if tokens are valid: true, expires at: 1766948475669
[debug] [2025-12-28T18:02:36.208Z] Checked if tokens are valid: true, expires at: 1766948475669
[debug] [2025-12-28T18:02:36.208Z] Checked if tokens are valid: true, expires at: 1766948475669
[debug] [2025-12-28T18:02:36.208Z] >>> [apiv2][query] PATCH https://cloudfunctions.googleapis.com/v1/projects/rifa-digital-f6425/locations/us-central1/functions/atualizarRankingCompradores updateMask=name%2CsourceUploadUrl%2CentryPoint%2Cruntime%2CdockerRegistry%2Clabels%2CeventTrigger.eventType%2CeventTrigger.resource%2CeventTrigger.failurePolicy%2CminInstances%2CmaxInstances%2CingressSettings%2CenvironmentVariables%2CserviceAccountEmail%2CavailableMemoryMb%2Ctimeout%2CvpcConnector%2CvpcConnectorEgressSettings%2CsourceToken%2CbuildEnvironmentVariables
[debug] [2025-12-28T18:02:36.208Z] >>> [apiv2][body] PATCH https://cloudfunctions.googleapis.com/v1/projects/rifa-digital-f6425/locations/us-central1/functions/atualizarRankingCompradores {"name":"projects/rifa-digital-f6425/locations/us-central1/functions/atualizarRankingCompradores","sourceUploadUrl":"https://storage.googleapis.com/uploads-102288537464.us-central1.cloudfunctions.appspot.com/f921fee9-71a0-4c05-93a5-bfbb84dbe6ff.zip?GoogleAccessId=service-763080965700@gcf-admin-robot.iam.gserviceaccount.com&Expires=1766946690&Signature=Y6KpRP0a8RF86PblEADfO92BcGneuYxLaq7eDQiyUJvsCP4CQbkHx%2FP3C6UXUOpwFwgHPrgbmlwGkIkSduAubtP0jWrMrAvyVL%2FfgoVO2BYliC3tWHZzEDmux0%2F98EKQ5g6zFpxAbY3%2BpWqaxjZWw37q4Y4yv1fV91Dv%2F7JrH73G3vcq2LNlrn5qcrBysHjHXZLCjtLXBTPCbMxNcoKXVbDDtqB5jrKSnaKEQq4Qx0L2XhkpqMUg8n6NHkOZ1bk2%2BS35D11MPJKrsjNZcnlrvDu26PF64qdNL%2BfG2v%2BaX%2B464xxFbTVgjBBLYaycfZ2aCCcRU7aW63WwHn8PygXNzg%3D%3D","entryPoint":"atualizarRankingCompradores","runtime":"nodejs20","dockerRegistry":"ARTIFACT_REGISTRY","labels":{"deployment-tool":"cli-firebase","firebase-functions-hash":"33480bce64bd1a534c4276725b9a07d4bb1ff2a5"},"eventTrigger":{"eventType":"providers/cloud.firestore/eventTypes/document.create","resource":"projects/rifa-digital-f6425/databases/(default)/documents/Pagamentos/{pagamentoId}"},"minInstances":null,"maxInstances":null,"ingressSettings":null,"environmentVariables":{"FIREBASE_CONFIG":"{\"projectId\":\"rifa-digital-f6425\",\"storageBucket\":\"rifa-digital-f6425.firebasestorage.app\"}","GCLOUD_PROJECT":"rifa-digital-f6425","EVENTARC_CLOUD_EVENT_SOURCE":"projects/rifa-digital-f6425/locations/us-central1/functions/atualizarRankingCompradores"},"serviceAccountEmail":null,"availableMemoryMb":null,"timeout":null,"vpcConnector":null,"vpcConnectorEgressSettings":null,"sourceToken":"9e16af42-3eb7-40a7-8953-e6df31d08fcf","buildEnvironmentVariables":{"GOOGLE_NODE_RUN_SCRIPTS":""}}
[debug] [2025-12-28T18:02:36.209Z] >>> [apiv2][query] PATCH https://cloudfunctions.googleapis.com/v1/projects/rifa-digital-f6425/locations/us-central1/functions/pushQuandoPromoAtivar updateMask=name%2CsourceUploadUrl%2CentryPoint%2Cruntime%2CdockerRegistry%2Clabels%2CeventTrigger.eventType%2CeventTrigger.resource%2CeventTrigger.failurePolicy%2CminInstances%2CmaxInstances%2CingressSettings%2CenvironmentVariables%2CserviceAccountEmail%2CavailableMemoryMb%2Ctimeout%2CvpcConnector%2CvpcConnectorEgressSettings%2CsourceToken%2CbuildEnvironmentVariables
[debug] [2025-12-28T18:02:36.209Z] >>> [apiv2][body] PATCH https://cloudfunctions.googleapis.com/v1/projects/rifa-digital-f6425/locations/us-central1/functions/pushQuandoPromoAtivar {"name":"projects/rifa-digital-f6425/locations/us-central1/functions/pushQuandoPromoAtivar","sourceUploadUrl":"https://storage.googleapis.com/uploads-102288537464.us-central1.cloudfunctions.appspot.com/f921fee9-71a0-4c05-93a5-bfbb84dbe6ff.zip?GoogleAccessId=service-763080965700@gcf-admin-robot.iam.gserviceaccount.com&Expires=1766946690&Signature=Y6KpRP0a8RF86PblEADfO92BcGneuYxLaq7eDQiyUJvsCP4CQbkHx%2FP3C6UXUOpwFwgHPrgbmlwGkIkSduAubtP0jWrMrAvyVL%2FfgoVO2BYliC3tWHZzEDmux0%2F98EKQ5g6zFpxAbY3%2BpWqaxjZWw37q4Y4yv1fV91Dv%2F7JrH73G3vcq2LNlrn5qcrBysHjHXZLCjtLXBTPCbMxNcoKXVbDDtqB5jrKSnaKEQq4Qx0L2XhkpqMUg8n6NHkOZ1bk2%2BS35D11MPJKrsjNZcnlrvDu26PF64qdNL%2BfG2v%2BaX%2B464xxFbTVgjBBLYaycfZ2aCCcRU7aW63WwHn8PygXNzg%3D%3D","entryPoint":"pushQuandoPromoAtivar","runtime":"nodejs20","dockerRegistry":"ARTIFACT_REGISTRY","labels":{"deployment-tool":"cli-firebase","firebase-functions-hash":"33480bce64bd1a534c4276725b9a07d4bb1ff2a5"},"eventTrigger":{"eventType":"providers/cloud.firestore/eventTypes/document.update","resource":"projects/rifa-digital-f6425/databases/(default)/documents/Promocoes/home"},"minInstances":null,"maxInstances":null,"ingressSettings":null,"environmentVariables":{"FIREBASE_CONFIG":"{\"projectId\":\"rifa-digital-f6425\",\"storageBucket\":\"rifa-digital-f6425.firebasestorage.app\"}","GCLOUD_PROJECT":"rifa-digital-f6425","EVENTARC_CLOUD_EVENT_SOURCE":"projects/rifa-digital-f6425/locations/us-central1/functions/pushQuandoPromoAtivar"},"serviceAccountEmail":null,"availableMemoryMb":null,"timeout":null,"vpcConnector":null,"vpcConnectorEgressSettings":null,"sourceToken":"9e16af42-3eb7-40a7-8953-e6df31d08fcf","buildEnvironmentVariables":{"GOOGLE_NODE_RUN_SCRIPTS":""}}
[debug] [2025-12-28T18:02:36.210Z] >>> [apiv2][query] PATCH https://cloudfunctions.googleapis.com/v1/projects/rifa-digital-f6425/locations/us-central1/functions/pagarIndicacaoAposCompra updateMask=name%2CsourceUploadUrl%2CentryPoint%2Cruntime%2CdockerRegistry%2Clabels%2CeventTrigger.eventType%2CeventTrigger.resource%2CeventTrigger.failurePolicy%2CminInstances%2CmaxInstances%2CingressSettings%2CenvironmentVariables%2CserviceAccountEmail%2CavailableMemoryMb%2Ctimeout%2CvpcConnector%2CvpcConnectorEgressSettings%2CsourceToken%2CbuildEnvironmentVariables
[debug] [2025-12-28T18:02:36.210Z] >>> [apiv2][body] PATCH https://cloudfunctions.googleapis.com/v1/projects/rifa-digital-f6425/locations/us-central1/functions/pagarIndicacaoAposCompra {"name":"projects/rifa-digital-f6425/locations/us-central1/functions/pagarIndicacaoAposCompra","sourceUploadUrl":"https://storage.googleapis.com/uploads-102288537464.us-central1.cloudfunctions.appspot.com/f921fee9-71a0-4c05-93a5-bfbb84dbe6ff.zip?GoogleAccessId=service-763080965700@gcf-admin-robot.iam.gserviceaccount.com&Expires=1766946690&Signature=Y6KpRP0a8RF86PblEADfO92BcGneuYxLaq7eDQiyUJvsCP4CQbkHx%2FP3C6UXUOpwFwgHPrgbmlwGkIkSduAubtP0jWrMrAvyVL%2FfgoVO2BYliC3tWHZzEDmux0%2F98EKQ5g6zFpxAbY3%2BpWqaxjZWw37q4Y4yv1fV91Dv%2F7JrH73G3vcq2LNlrn5qcrBysHjHXZLCjtLXBTPCbMxNcoKXVbDDtqB5jrKSnaKEQq4Qx0L2XhkpqMUg8n6NHkOZ1bk2%2BS35D11MPJKrsjNZcnlrvDu26PF64qdNL%2BfG2v%2BaX%2B464xxFbTVgjBBLYaycfZ2aCCcRU7aW63WwHn8PygXNzg%3D%3D","entryPoint":"pagarIndicacaoAposCompra","runtime":"nodejs20","dockerRegistry":"ARTIFACT_REGISTRY","labels":{"deployment-tool":"cli-firebase","firebase-functions-hash":"33480bce64bd1a534c4276725b9a07d4bb1ff2a5"},"eventTrigger":{"eventType":"providers/cloud.firestore/eventTypes/document.update","resource":"projects/rifa-digital-f6425/databases/(default)/documents/Pagamentos/{pagamentoId}"},"minInstances":null,"maxInstances":null,"ingressSettings":null,"environmentVariables":{"FIREBASE_CONFIG":"{\"projectId\":\"rifa-digital-f6425\",\"storageBucket\":\"rifa-digital-f6425.firebasestorage.app\"}","GCLOUD_PROJECT":"rifa-digital-f6425","EVENTARC_CLOUD_EVENT_SOURCE":"projects/rifa-digital-f6425/locations/us-central1/functions/pagarIndicacaoAposCompra"},"serviceAccountEmail":null,"availableMemoryMb":null,"timeout":null,"vpcConnector":null,"vpcConnectorEgressSettings":null,"sourceToken":"9e16af42-3eb7-40a7-8953-e6df31d08fcf","buildEnvironmentVariables":{"GOOGLE_NODE_RUN_SCRIPTS":""}}
[debug] [2025-12-28T18:02:38.109Z] <<< [apiv2][status] PATCH https://cloudfunctions.googleapis.com/v1/projects/rifa-digital-f6425/locations/us-central1/functions/atualizarRankingCompradores 200
[debug] [2025-12-28T18:02:38.109Z] <<< [apiv2][body] PATCH https://cloudfunctions.googleapis.com/v1/projects/rifa-digital-f6425/locations/us-central1/functions/atualizarRankingCompradores {"name":"operations/cmlmYS1kaWdpdGFsLWY2NDI1L3VzLWNlbnRyYWwxL2F0dWFsaXphclJhbmtpbmdDb21wcmFkb3Jlcy9obmFhVEpXUmRhQQ","metadata":{"@type":"type.googleapis.com/google.cloud.functions.v1.OperationMetadataV1","target":"projects/rifa-digital-f6425/locations/us-central1/functions/atualizarRankingCompradores","type":"UPDATE_FUNCTION","request":{"@type":"type.googleapis.com/google.cloud.functions.v1.CloudFunction","name":"projects/rifa-digital-f6425/locations/us-central1/functions/atualizarRankingCompradores","eventTrigger":{"eventType":"providers/cloud.firestore/eventTypes/document.create","resource":"projects/rifa-digital-f6425/databases/(default)/documents/Pagamentos/{pagamentoId}","service":"firestore.googleapis.com"},"status":"ACTIVE","entryPoint":"atualizarRankingCompradores","updateTime":"2025-12-27T00:14:02.132Z","versionId":"3","labels":{"deployment-tool":"cli-firebase","firebase-functions-hash":"33480bce64bd1a534c4276725b9a07d4bb1ff2a5"},"sourceUploadUrl":"https://storage.googleapis.com/uploads-102288537464.us-central1.cloudfunctions.appspot.com/f921fee9-71a0-4c05-93a5-bfbb84dbe6ff.zip?GoogleAccessId=service-763080965700@gcf-admin-robot.iam.gserviceaccount.com&Expires=1766946690&Signature=Y6KpRP0a8RF86PblEADfO92BcGneuYxLaq7eDQiyUJvsCP4CQbkHx%2FP3C6UXUOpwFwgHPrgbmlwGkIkSduAubtP0jWrMrAvyVL%2FfgoVO2BYliC3tWHZzEDmux0%2F98EKQ5g6zFpxAbY3%2BpWqaxjZWw37q4Y4yv1fV91Dv%2F7JrH73G3vcq2LNlrn5qcrBysHjHXZLCjtLXBTPCbMxNcoKXVbDDtqB5jrKSnaKEQq4Qx0L2XhkpqMUg8n6NHkOZ1bk2%2BS35D11MPJKrsjNZcnlrvDu26PF64qdNL%2BfG2v%2BaX%2B464xxFbTVgjBBLYaycfZ2aCCcRU7aW63WwHn8PygXNzg%3D%3D","environmentVariables":{"FIREBASE_CONFIG":"{\"projectId\":\"rifa-digital-f6425\",\"storageBucket\":\"rifa-digital-f6425.firebasestorage.app\"}","GCLOUD_PROJECT":"rifa-digital-f6425","EVENTARC_CLOUD_EVENT_SOURCE":"projects/rifa-digital-f6425/locations/us-central1/functions/atualizarRankingCompradores"},"runtime":"nodejs20","buildId":"94533ce2-835b-4e97-b019-57a6067c00b9","buildEnvironmentVariables":{"GOOGLE_NODE_RUN_SCRIPTS":""},"sourceToken":"9e16af42-3eb7-40a7-8953-e6df31d08fcf","buildName":"projects/763080965700/locations/us-central1/builds/94533ce2-835b-4e97-b019-57a6067c00b9","dockerRegistry":"ARTIFACT_REGISTRY","automaticUpdatePolicy":{},"buildServiceAccount":"projects/rifa-digital-f6425/serviceAccounts/763080965700-compute@developer.gserviceaccount.com"},"versionId":"4","updateTime":"2025-12-28T18:02:37Z","sourceToken":"9e16af42-3eb7-40a7-8953-e6df31d08fcf"}}
[debug] [2025-12-28T18:02:38.109Z] Checked if tokens are valid: true, expires at: 1766948475669
[debug] [2025-12-28T18:02:38.109Z] Checked if tokens are valid: true, expires at: 1766948475669
[debug] [2025-12-28T18:02:38.109Z] >>> [apiv2][query] GET https://cloudfunctions.googleapis.com/v1/operations/cmlmYS1kaWdpdGFsLWY2NDI1L3VzLWNlbnRyYWwxL2F0dWFsaXphclJhbmtpbmdDb21wcmFkb3Jlcy9obmFhVEpXUmRhQQ [none]
[debug] [2025-12-28T18:02:38.250Z] <<< [apiv2][status] PATCH https://cloudfunctions.googleapis.com/v1/projects/rifa-digital-f6425/locations/us-central1/functions/pagarIndicacaoAposCompra 200
[debug] [2025-12-28T18:02:38.251Z] <<< [apiv2][body] PATCH https://cloudfunctions.googleapis.com/v1/projects/rifa-digital-f6425/locations/us-central1/functions/pagarIndicacaoAposCompra {"name":"operations/cmlmYS1kaWdpdGFsLWY2NDI1L3VzLWNlbnRyYWwxL3BhZ2FySW5kaWNhY2FvQXBvc0NvbXByYS9rNUNyYllyTXZ6aw","metadata":{"@type":"type.googleapis.com/google.cloud.functions.v1.OperationMetadataV1","target":"projects/rifa-digital-f6425/locations/us-central1/functions/pagarIndicacaoAposCompra","type":"UPDATE_FUNCTION","request":{"@type":"type.googleapis.com/google.cloud.functions.v1.CloudFunction","name":"projects/rifa-digital-f6425/locations/us-central1/functions/pagarIndicacaoAposCompra","eventTrigger":{"eventType":"providers/cloud.firestore/eventTypes/document.update","resource":"projects/rifa-digital-f6425/databases/(default)/documents/Pagamentos/{pagamentoId}","service":"firestore.googleapis.com"},"status":"ACTIVE","entryPoint":"pagarIndicacaoAposCompra","updateTime":"2025-12-27T00:14:08.643Z","versionId":"1","labels":{"deployment-tool":"cli-firebase","firebase-functions-hash":"33480bce64bd1a534c4276725b9a07d4bb1ff2a5"},"sourceUploadUrl":"https://storage.googleapis.com/uploads-102288537464.us-central1.cloudfunctions.appspot.com/f921fee9-71a0-4c05-93a5-bfbb84dbe6ff.zip?GoogleAccessId=service-763080965700@gcf-admin-robot.iam.gserviceaccount.com&Expires=1766946690&Signature=Y6KpRP0a8RF86PblEADfO92BcGneuYxLaq7eDQiyUJvsCP4CQbkHx%2FP3C6UXUOpwFwgHPrgbmlwGkIkSduAubtP0jWrMrAvyVL%2FfgoVO2BYliC3tWHZzEDmux0%2F98EKQ5g6zFpxAbY3%2BpWqaxjZWw37q4Y4yv1fV91Dv%2F7JrH73G3vcq2LNlrn5qcrBysHjHXZLCjtLXBTPCbMxNcoKXVbDDtqB5jrKSnaKEQq4Qx0L2XhkpqMUg8n6NHkOZ1bk2%2BS35D11MPJKrsjNZcnlrvDu26PF64qdNL%2BfG2v%2BaX%2B464xxFbTVgjBBLYaycfZ2aCCcRU7aW63WwHn8PygXNzg%3D%3D","environmentVariables":{"FIREBASE_CONFIG":"{\"projectId\":\"rifa-digital-f6425\",\"storageBucket\":\"rifa-digital-f6425.firebasestorage.app\"}","GCLOUD_PROJECT":"rifa-digital-f6425","EVENTARC_CLOUD_EVENT_SOURCE":"projects/rifa-digital-f6425/locations/us-central1/functions/pagarIndicacaoAposCompra"},"runtime":"nodejs20","buildId":"94533ce2-835b-4e97-b019-57a6067c00b9","buildEnvironmentVariables":{"GOOGLE_NODE_RUN_SCRIPTS":""},"sourceToken":"9e16af42-3eb7-40a7-8953-e6df31d08fcf","buildName":"projects/763080965700/locations/us-central1/builds/94533ce2-835b-4e97-b019-57a6067c00b9","dockerRegistry":"ARTIFACT_REGISTRY","automaticUpdatePolicy":{},"buildServiceAccount":"projects/rifa-digital-f6425/serviceAccounts/763080965700-compute@developer.gserviceaccount.com"},"versionId":"2","updateTime":"2025-12-28T18:02:37Z","sourceToken":"9e16af42-3eb7-40a7-8953-e6df31d08fcf"}}
[debug] [2025-12-28T18:02:38.251Z] Checked if tokens are valid: true, expires at: 1766948475669
[debug] [2025-12-28T18:02:38.251Z] Checked if tokens are valid: true, expires at: 1766948475669
[debug] [2025-12-28T18:02:38.251Z] >>> [apiv2][query] GET https://cloudfunctions.googleapis.com/v1/operations/cmlmYS1kaWdpdGFsLWY2NDI1L3VzLWNlbnRyYWwxL3BhZ2FySW5kaWNhY2FvQXBvc0NvbXByYS9rNUNyYllyTXZ6aw [none]
[debug] [2025-12-28T18:02:38.283Z] <<< [apiv2][status] PATCH https://cloudfunctions.googleapis.com/v1/projects/rifa-digital-f6425/locations/us-central1/functions/pushQuandoPromoAtivar 200
[debug] [2025-12-28T18:02:38.283Z] <<< [apiv2][body] PATCH https://cloudfunctions.googleapis.com/v1/projects/rifa-digital-f6425/locations/us-central1/functions/pushQuandoPromoAtivar {"name":"operations/cmlmYS1kaWdpdGFsLWY2NDI1L3VzLWNlbnRyYWwxL3B1c2hRdWFuZG9Qcm9tb0F0aXZhci9DSEc3LURPZ3NSZw","metadata":{"@type":"type.googleapis.com/google.cloud.functions.v1.OperationMetadataV1","target":"projects/rifa-digital-f6425/locations/us-central1/functions/pushQuandoPromoAtivar","type":"UPDATE_FUNCTION","request":{"@type":"type.googleapis.com/google.cloud.functions.v1.CloudFunction","name":"projects/rifa-digital-f6425/locations/us-central1/functions/pushQuandoPromoAtivar","eventTrigger":{"eventType":"providers/cloud.firestore/eventTypes/document.update","resource":"projects/rifa-digital-f6425/databases/(default)/documents/Promocoes/home","service":"firestore.googleapis.com"},"status":"ACTIVE","entryPoint":"pushQuandoPromoAtivar","updateTime":"2025-12-27T00:14:13.173Z","versionId":"2","labels":{"deployment-tool":"cli-firebase","firebase-functions-hash":"33480bce64bd1a534c4276725b9a07d4bb1ff2a5"},"sourceUploadUrl":"https://storage.googleapis.com/uploads-102288537464.us-central1.cloudfunctions.appspot.com/f921fee9-71a0-4c05-93a5-bfbb84dbe6ff.zip?GoogleAccessId=service-763080965700@gcf-admin-robot.iam.gserviceaccount.com&Expires=1766946690&Signature=Y6KpRP0a8RF86PblEADfO92BcGneuYxLaq7eDQiyUJvsCP4CQbkHx%2FP3C6UXUOpwFwgHPrgbmlwGkIkSduAubtP0jWrMrAvyVL%2FfgoVO2BYliC3tWHZzEDmux0%2F98EKQ5g6zFpxAbY3%2BpWqaxjZWw37q4Y4yv1fV91Dv%2F7JrH73G3vcq2LNlrn5qcrBysHjHXZLCjtLXBTPCbMxNcoKXVbDDtqB5jrKSnaKEQq4Qx0L2XhkpqMUg8n6NHkOZ1bk2%2BS35D11MPJKrsjNZcnlrvDu26PF64qdNL%2BfG2v%2BaX%2B464xxFbTVgjBBLYaycfZ2aCCcRU7aW63WwHn8PygXNzg%3D%3D","environmentVariables":{"FIREBASE_CONFIG":"{\"projectId\":\"rifa-digital-f6425\",\"storageBucket\":\"rifa-digital-f6425.firebasestorage.app\"}","GCLOUD_PROJECT":"rifa-digital-f6425","EVENTARC_CLOUD_EVENT_SOURCE":"projects/rifa-digital-f6425/locations/us-central1/functions/pushQuandoPromoAtivar"},"runtime":"nodejs20","buildId":"94533ce2-835b-4e97-b019-57a6067c00b9","buildEnvironmentVariables":{"GOOGLE_NODE_RUN_SCRIPTS":""},"sourceToken":"9e16af42-3eb7-40a7-8953-e6df31d08fcf","buildName":"projects/763080965700/locations/us-central1/builds/94533ce2-835b-4e97-b019-57a6067c00b9","dockerRegistry":"ARTIFACT_REGISTRY","automaticUpdatePolicy":{},"buildServiceAccount":"projects/rifa-digital-f6425/serviceAccounts/763080965700-compute@developer.gserviceaccount.com"},"versionId":"3","updateTime":"2025-12-28T18:02:37Z","sourceToken":"9e16af42-3eb7-40a7-8953-e6df31d08fcf"}}
[debug] [2025-12-28T18:02:38.284Z] Checked if tokens are valid: true, expires at: 1766948475669
[debug] [2025-12-28T18:02:38.284Z] Checked if tokens are valid: true, expires at: 1766948475669
[debug] [2025-12-28T18:02:38.284Z] >>> [apiv2][query] GET https://cloudfunctions.googleapis.com/v1/operations/cmlmYS1kaWdpdGFsLWY2NDI1L3VzLWNlbnRyYWwxL3B1c2hRdWFuZG9Qcm9tb0F0aXZhci9DSEc3LURPZ3NSZw [none]
[debug] [2025-12-28T18:02:38.671Z] <<< [apiv2][status] GET https://cloudfunctions.googleapis.com/v1/operations/cmlmYS1kaWdpdGFsLWY2NDI1L3VzLWNlbnRyYWwxL2F0dWFsaXphclJhbmtpbmdDb21wcmFkb3Jlcy9obmFhVEpXUmRhQQ 200
[debug] [2025-12-28T18:02:38.672Z] <<< [apiv2][body] GET https://cloudfunctions.googleapis.com/v1/operations/cmlmYS1kaWdpdGFsLWY2NDI1L3VzLWNlbnRyYWwxL2F0dWFsaXphclJhbmtpbmdDb21wcmFkb3Jlcy9obmFhVEpXUmRhQQ {"name":"operations/cmlmYS1kaWdpdGFsLWY2NDI1L3VzLWNlbnRyYWwxL2F0dWFsaXphclJhbmtpbmdDb21wcmFkb3Jlcy9obmFhVEpXUmRhQQ","metadata":{"@type":"type.googleapis.com/google.cloud.functions.v1.OperationMetadataV1","target":"projects/rifa-digital-f6425/locations/us-central1/functions/atualizarRankingCompradores","type":"UPDATE_FUNCTION","request":{"@type":"type.googleapis.com/google.cloud.functions.v1.CloudFunction","name":"projects/rifa-digital-f6425/locations/us-central1/functions/atualizarRankingCompradores","eventTrigger":{"eventType":"providers/cloud.firestore/eventTypes/document.create","resource":"projects/rifa-digital-f6425/databases/(default)/documents/Pagamentos/{pagamentoId}","service":"firestore.googleapis.com"},"status":"ACTIVE","entryPoint":"atualizarRankingCompradores","updateTime":"2025-12-27T00:14:02.132Z","versionId":"3","labels":{"deployment-tool":"cli-firebase","firebase-functions-hash":"33480bce64bd1a534c4276725b9a07d4bb1ff2a5"},"sourceUploadUrl":"https://storage.googleapis.com/uploads-102288537464.us-central1.cloudfunctions.appspot.com/f921fee9-71a0-4c05-93a5-bfbb84dbe6ff.zip?GoogleAccessId=service-763080965700@gcf-admin-robot.iam.gserviceaccount.com&Expires=1766946690&Signature=Y6KpRP0a8RF86PblEADfO92BcGneuYxLaq7eDQiyUJvsCP4CQbkHx%2FP3C6UXUOpwFwgHPrgbmlwGkIkSduAubtP0jWrMrAvyVL%2FfgoVO2BYliC3tWHZzEDmux0%2F98EKQ5g6zFpxAbY3%2BpWqaxjZWw37q4Y4yv1fV91Dv%2F7JrH73G3vcq2LNlrn5qcrBysHjHXZLCjtLXBTPCbMxNcoKXVbDDtqB5jrKSnaKEQq4Qx0L2XhkpqMUg8n6NHkOZ1bk2%2BS35D11MPJKrsjNZcnlrvDu26PF64qdNL%2BfG2v%2BaX%2B464xxFbTVgjBBLYaycfZ2aCCcRU7aW63WwHn8PygXNzg%3D%3D","environmentVariables":{"FIREBASE_CONFIG":"{\"projectId\":\"rifa-digital-f6425\",\"storageBucket\":\"rifa-digital-f6425.firebasestorage.app\"}","GCLOUD_PROJECT":"rifa-digital-f6425","EVENTARC_CLOUD_EVENT_SOURCE":"projects/rifa-digital-f6425/locations/us-central1/functions/atualizarRankingCompradores"},"runtime":"nodejs20","buildId":"94533ce2-835b-4e97-b019-57a6067c00b9","buildEnvironmentVariables":{"GOOGLE_NODE_RUN_SCRIPTS":""},"sourceToken":"9e16af42-3eb7-40a7-8953-e6df31d08fcf","buildName":"projects/763080965700/locations/us-central1/builds/94533ce2-835b-4e97-b019-57a6067c00b9","dockerRegistry":"ARTIFACT_REGISTRY","automaticUpdatePolicy":{},"buildServiceAccount":"projects/rifa-digital-f6425/serviceAccounts/763080965700-compute@developer.gserviceaccount.com"},"versionId":"4","updateTime":"2025-12-28T18:02:37Z","buildId":"a1d58a3d-af79-4ee9-8277-708d39c5ab21","sourceToken":"9e16af42-3eb7-40a7-8953-e6df31d08fcf","buildName":"projects/763080965700/locations/us-central1/builds/a1d58a3d-af79-4ee9-8277-708d39c5ab21"}}
[debug] [2025-12-28T18:02:38.672Z] Got source token 9e16af42-3eb7-40a7-8953-e6df31d08fcf for region us-central1
[debug] [2025-12-28T18:02:38.883Z] <<< [apiv2][status] GET https://cloudfunctions.googleapis.com/v1/operations/cmlmYS1kaWdpdGFsLWY2NDI1L3VzLWNlbnRyYWwxL3B1c2hRdWFuZG9Qcm9tb0F0aXZhci9DSEc3LURPZ3NSZw 200
[debug] [2025-12-28T18:02:38.883Z] <<< [apiv2][body] GET https://cloudfunctions.googleapis.com/v1/operations/cmlmYS1kaWdpdGFsLWY2NDI1L3VzLWNlbnRyYWwxL3B1c2hRdWFuZG9Qcm9tb0F0aXZhci9DSEc3LURPZ3NSZw {"name":"operations/cmlmYS1kaWdpdGFsLWY2NDI1L3VzLWNlbnRyYWwxL3B1c2hRdWFuZG9Qcm9tb0F0aXZhci9DSEc3LURPZ3NSZw","metadata":{"@type":"type.googleapis.com/google.cloud.functions.v1.OperationMetadataV1","target":"projects/rifa-digital-f6425/locations/us-central1/functions/pushQuandoPromoAtivar","type":"UPDATE_FUNCTION","request":{"@type":"type.googleapis.com/google.cloud.functions.v1.CloudFunction","name":"projects/rifa-digital-f6425/locations/us-central1/functions/pushQuandoPromoAtivar","eventTrigger":{"eventType":"providers/cloud.firestore/eventTypes/document.update","resource":"projects/rifa-digital-f6425/databases/(default)/documents/Promocoes/home","service":"firestore.googleapis.com"},"status":"ACTIVE","entryPoint":"pushQuandoPromoAtivar","updateTime":"2025-12-27T00:14:13.173Z","versionId":"2","labels":{"deployment-tool":"cli-firebase","firebase-functions-hash":"33480bce64bd1a534c4276725b9a07d4bb1ff2a5"},"sourceUploadUrl":"https://storage.googleapis.com/uploads-102288537464.us-central1.cloudfunctions.appspot.com/f921fee9-71a0-4c05-93a5-bfbb84dbe6ff.zip?GoogleAccessId=service-763080965700@gcf-admin-robot.iam.gserviceaccount.com&Expires=1766946690&Signature=Y6KpRP0a8RF86PblEADfO92BcGneuYxLaq7eDQiyUJvsCP4CQbkHx%2FP3C6UXUOpwFwgHPrgbmlwGkIkSduAubtP0jWrMrAvyVL%2FfgoVO2BYliC3tWHZzEDmux0%2F98EKQ5g6zFpxAbY3%2BpWqaxjZWw37q4Y4yv1fV91Dv%2F7JrH73G3vcq2LNlrn5qcrBysHjHXZLCjtLXBTPCbMxNcoKXVbDDtqB5jrKSnaKEQq4Qx0L2XhkpqMUg8n6NHkOZ1bk2%2BS35D11MPJKrsjNZcnlrvDu26PF64qdNL%2BfG2v%2BaX%2B464xxFbTVgjBBLYaycfZ2aCCcRU7aW63WwHn8PygXNzg%3D%3D","environmentVariables":{"FIREBASE_CONFIG":"{\"projectId\":\"rifa-digital-f6425\",\"storageBucket\":\"rifa-digital-f6425.firebasestorage.app\"}","GCLOUD_PROJECT":"rifa-digital-f6425","EVENTARC_CLOUD_EVENT_SOURCE":"projects/rifa-digital-f6425/locations/us-central1/functions/pushQuandoPromoAtivar"},"runtime":"nodejs20","buildId":"94533ce2-835b-4e97-b019-57a6067c00b9","buildEnvironmentVariables":{"GOOGLE_NODE_RUN_SCRIPTS":""},"sourceToken":"9e16af42-3eb7-40a7-8953-e6df31d08fcf","buildName":"projects/763080965700/locations/us-central1/builds/94533ce2-835b-4e97-b019-57a6067c00b9","dockerRegistry":"ARTIFACT_REGISTRY","automaticUpdatePolicy":{},"buildServiceAccount":"projects/rifa-digital-f6425/serviceAccounts/763080965700-compute@developer.gserviceaccount.com"},"versionId":"3","updateTime":"2025-12-28T18:02:37Z","buildId":"a1d58a3d-af79-4ee9-8277-708d39c5ab21","sourceToken":"9e16af42-3eb7-40a7-8953-e6df31d08fcf","buildName":"projects/763080965700/locations/us-central1/builds/a1d58a3d-af79-4ee9-8277-708d39c5ab21"}}
[debug] [2025-12-28T18:02:38.883Z] Got source token 9e16af42-3eb7-40a7-8953-e6df31d08fcf for region us-central1
[debug] [2025-12-28T18:02:38.883Z] <<< [apiv2][status] GET https://cloudfunctions.googleapis.com/v1/operations/cmlmYS1kaWdpdGFsLWY2NDI1L3VzLWNlbnRyYWwxL3BhZ2FySW5kaWNhY2FvQXBvc0NvbXByYS9rNUNyYllyTXZ6aw 200
[debug] [2025-12-28T18:02:38.883Z] <<< [apiv2][body] GET https://cloudfunctions.googleapis.com/v1/operations/cmlmYS1kaWdpdGFsLWY2NDI1L3VzLWNlbnRyYWwxL3BhZ2FySW5kaWNhY2FvQXBvc0NvbXByYS9rNUNyYllyTXZ6aw {"name":"operations/cmlmYS1kaWdpdGFsLWY2NDI1L3VzLWNlbnRyYWwxL3BhZ2FySW5kaWNhY2FvQXBvc0NvbXByYS9rNUNyYllyTXZ6aw","metadata":{"@type":"type.googleapis.com/google.cloud.functions.v1.OperationMetadataV1","target":"projects/rifa-digital-f6425/locations/us-central1/functions/pagarIndicacaoAposCompra","type":"UPDATE_FUNCTION","request":{"@type":"type.googleapis.com/google.cloud.functions.v1.CloudFunction","name":"projects/rifa-digital-f6425/locations/us-central1/functions/pagarIndicacaoAposCompra","eventTrigger":{"eventType":"providers/cloud.firestore/eventTypes/document.update","resource":"projects/rifa-digital-f6425/databases/(default)/documents/Pagamentos/{pagamentoId}","service":"firestore.googleapis.com"},"status":"ACTIVE","entryPoint":"pagarIndicacaoAposCompra","updateTime":"2025-12-27T00:14:08.643Z","versionId":"1","labels":{"deployment-tool":"cli-firebase","firebase-functions-hash":"33480bce64bd1a534c4276725b9a07d4bb1ff2a5"},"sourceUploadUrl":"https://storage.googleapis.com/uploads-102288537464.us-central1.cloudfunctions.appspot.com/f921fee9-71a0-4c05-93a5-bfbb84dbe6ff.zip?GoogleAccessId=service-763080965700@gcf-admin-robot.iam.gserviceaccount.com&Expires=1766946690&Signature=Y6KpRP0a8RF86PblEADfO92BcGneuYxLaq7eDQiyUJvsCP4CQbkHx%2FP3C6UXUOpwFwgHPrgbmlwGkIkSduAubtP0jWrMrAvyVL%2FfgoVO2BYliC3tWHZzEDmux0%2F98EKQ5g6zFpxAbY3%2BpWqaxjZWw37q4Y4yv1fV91Dv%2F7JrH73G3vcq2LNlrn5qcrBysHjHXZLCjtLXBTPCbMxNcoKXVbDDtqB5jrKSnaKEQq4Qx0L2XhkpqMUg8n6NHkOZ1bk2%2BS35D11MPJKrsjNZcnlrvDu26PF64qdNL%2BfG2v%2BaX%2B464xxFbTVgjBBLYaycfZ2aCCcRU7aW63WwHn8PygXNzg%3D%3D","environmentVariables":{"FIREBASE_CONFIG":"{\"projectId\":\"rifa-digital-f6425\",\"storageBucket\":\"rifa-digital-f6425.firebasestorage.app\"}","GCLOUD_PROJECT":"rifa-digital-f6425","EVENTARC_CLOUD_EVENT_SOURCE":"projects/rifa-digital-f6425/locations/us-central1/functions/pagarIndicacaoAposCompra"},"runtime":"nodejs20","buildId":"94533ce2-835b-4e97-b019-57a6067c00b9","buildEnvironmentVariables":{"GOOGLE_NODE_RUN_SCRIPTS":""},"sourceToken":"9e16af42-3eb7-40a7-8953-e6df31d08fcf","buildName":"projects/763080965700/locations/us-central1/builds/94533ce2-835b-4e97-b019-57a6067c00b9","dockerRegistry":"ARTIFACT_REGISTRY","automaticUpdatePolicy":{},"buildServiceAccount":"projects/rifa-digital-f6425/serviceAccounts/763080965700-compute@developer.gserviceaccount.com"},"versionId":"2","updateTime":"2025-12-28T18:02:37Z","buildId":"a1d58a3d-af79-4ee9-8277-708d39c5ab21","sourceToken":"9e16af42-3eb7-40a7-8953-e6df31d08fcf","buildName":"projects/763080965700/locations/us-central1/builds/a1d58a3d-af79-4ee9-8277-708d39c5ab21"}}
[debug] [2025-12-28T18:02:38.884Z] Got source token 9e16af42-3eb7-40a7-8953-e6df31d08fcf for region us-central1
[debug] [2025-12-28T18:02:39.184Z] [update-default-us-central1-atualizarRankingCompradores] Retrying task index 0
[debug] [2025-12-28T18:02:39.184Z] Checked if tokens are valid: true, expires at: 1766948475669
[debug] [2025-12-28T18:02:39.185Z] Checked if tokens are valid: true, expires at: 1766948475669
[debug] [2025-12-28T18:02:39.185Z] >>> [apiv2][query] GET https://cloudfunctions.googleapis.com/v1/operations/cmlmYS1kaWdpdGFsLWY2NDI1L3VzLWNlbnRyYWwxL2F0dWFsaXphclJhbmtpbmdDb21wcmFkb3Jlcy9obmFhVEpXUmRhQQ [none]
[debug] [2025-12-28T18:02:39.387Z] [update-default-us-central1-pushQuandoPromoAtivar] Retrying task index 0
[debug] [2025-12-28T18:02:39.388Z] Checked if tokens are valid: true, expires at: 1766948475669
[debug] [2025-12-28T18:02:39.388Z] Checked if tokens are valid: true, expires at: 1766948475669
[debug] [2025-12-28T18:02:39.388Z] >>> [apiv2][query] GET https://cloudfunctions.googleapis.com/v1/operations/cmlmYS1kaWdpdGFsLWY2NDI1L3VzLWNlbnRyYWwxL3B1c2hRdWFuZG9Qcm9tb0F0aXZhci9DSEc3LURPZ3NSZw [none]
[debug] [2025-12-28T18:02:39.389Z] [update-default-us-central1-pagarIndicacaoAposCompra] Retrying task index 0
[debug] [2025-12-28T18:02:39.389Z] Checked if tokens are valid: true, expires at: 1766948475669
[debug] [2025-12-28T18:02:39.389Z] Checked if tokens are valid: true, expires at: 1766948475669
[debug] [2025-12-28T18:02:39.389Z] >>> [apiv2][query] GET https://cloudfunctions.googleapis.com/v1/operations/cmlmYS1kaWdpdGFsLWY2NDI1L3VzLWNlbnRyYWwxL3BhZ2FySW5kaWNhY2FvQXBvc0NvbXByYS9rNUNyYllyTXZ6aw [none]
[debug] [2025-12-28T18:02:39.810Z] <<< [apiv2][status] GET https://cloudfunctions.googleapis.com/v1/operations/cmlmYS1kaWdpdGFsLWY2NDI1L3VzLWNlbnRyYWwxL2F0dWFsaXphclJhbmtpbmdDb21wcmFkb3Jlcy9obmFhVEpXUmRhQQ 200
[debug] [2025-12-28T18:02:39.811Z] <<< [apiv2][body] GET https://cloudfunctions.googleapis.com/v1/operations/cmlmYS1kaWdpdGFsLWY2NDI1L3VzLWNlbnRyYWwxL2F0dWFsaXphclJhbmtpbmdDb21wcmFkb3Jlcy9obmFhVEpXUmRhQQ {"name":"operations/cmlmYS1kaWdpdGFsLWY2NDI1L3VzLWNlbnRyYWwxL2F0dWFsaXphclJhbmtpbmdDb21wcmFkb3Jlcy9obmFhVEpXUmRhQQ","metadata":{"@type":"type.googleapis.com/google.cloud.functions.v1.OperationMetadataV1","target":"projects/rifa-digital-f6425/locations/us-central1/functions/atualizarRankingCompradores","type":"UPDATE_FUNCTION","request":{"@type":"type.googleapis.com/google.cloud.functions.v1.CloudFunction","name":"projects/rifa-digital-f6425/locations/us-central1/functions/atualizarRankingCompradores","eventTrigger":{"eventType":"providers/cloud.firestore/eventTypes/document.create","resource":"projects/rifa-digital-f6425/databases/(default)/documents/Pagamentos/{pagamentoId}","service":"firestore.googleapis.com"},"status":"ACTIVE","entryPoint":"atualizarRankingCompradores","updateTime":"2025-12-27T00:14:02.132Z","versionId":"3","labels":{"deployment-tool":"cli-firebase","firebase-functions-hash":"33480bce64bd1a534c4276725b9a07d4bb1ff2a5"},"sourceUploadUrl":"https://storage.googleapis.com/uploads-102288537464.us-central1.cloudfunctions.appspot.com/f921fee9-71a0-4c05-93a5-bfbb84dbe6ff.zip?GoogleAccessId=service-763080965700@gcf-admin-robot.iam.gserviceaccount.com&Expires=1766946690&Signature=Y6KpRP0a8RF86PblEADfO92BcGneuYxLaq7eDQiyUJvsCP4CQbkHx%2FP3C6UXUOpwFwgHPrgbmlwGkIkSduAubtP0jWrMrAvyVL%2FfgoVO2BYliC3tWHZzEDmux0%2F98EKQ5g6zFpxAbY3%2BpWqaxjZWw37q4Y4yv1fV91Dv%2F7JrH73G3vcq2LNlrn5qcrBysHjHXZLCjtLXBTPCbMxNcoKXVbDDtqB5jrKSnaKEQq4Qx0L2XhkpqMUg8n6NHkOZ1bk2%2BS35D11MPJKrsjNZcnlrvDu26PF64qdNL%2BfG2v%2BaX%2B464xxFbTVgjBBLYaycfZ2aCCcRU7aW63WwHn8PygXNzg%3D%3D","environmentVariables":{"FIREBASE_CONFIG":"{\"projectId\":\"rifa-digital-f6425\",\"storageBucket\":\"rifa-digital-f6425.firebasestorage.app\"}","GCLOUD_PROJECT":"rifa-digital-f6425","EVENTARC_CLOUD_EVENT_SOURCE":"projects/rifa-digital-f6425/locations/us-central1/functions/atualizarRankingCompradores"},"runtime":"nodejs20","buildId":"94533ce2-835b-4e97-b019-57a6067c00b9","buildEnvironmentVariables":{"GOOGLE_NODE_RUN_SCRIPTS":""},"sourceToken":"9e16af42-3eb7-40a7-8953-e6df31d08fcf","buildName":"projects/763080965700/locations/us-central1/builds/94533ce2-835b-4e97-b019-57a6067c00b9","dockerRegistry":"ARTIFACT_REGISTRY","automaticUpdatePolicy":{},"buildServiceAccount":"projects/rifa-digital-f6425/serviceAccounts/763080965700-compute@developer.gserviceaccount.com"},"versionId":"4","updateTime":"2025-12-28T18:02:37Z","buildId":"a1d58a3d-af79-4ee9-8277-708d39c5ab21","sourceToken":"9e16af42-3eb7-40a7-8953-e6df31d08fcf","buildName":"projects/763080965700/locations/us-central1/builds/a1d58a3d-af79-4ee9-8277-708d39c5ab21"}}
[debug] [2025-12-28T18:02:39.811Z] Got source token 9e16af42-3eb7-40a7-8953-e6df31d08fcf for region us-central1
[debug] [2025-12-28T18:02:39.935Z] <<< [apiv2][status] GET https://cloudfunctions.googleapis.com/v1/operations/cmlmYS1kaWdpdGFsLWY2NDI1L3VzLWNlbnRyYWwxL3B1c2hRdWFuZG9Qcm9tb0F0aXZhci9DSEc3LURPZ3NSZw 200
[debug] [2025-12-28T18:02:39.935Z] <<< [apiv2][body] GET https://cloudfunctions.googleapis.com/v1/operations/cmlmYS1kaWdpdGFsLWY2NDI1L3VzLWNlbnRyYWwxL3B1c2hRdWFuZG9Qcm9tb0F0aXZhci9DSEc3LURPZ3NSZw {"name":"operations/cmlmYS1kaWdpdGFsLWY2NDI1L3VzLWNlbnRyYWwxL3B1c2hRdWFuZG9Qcm9tb0F0aXZhci9DSEc3LURPZ3NSZw","metadata":{"@type":"type.googleapis.com/google.cloud.functions.v1.OperationMetadataV1","target":"projects/rifa-digital-f6425/locations/us-central1/functions/pushQuandoPromoAtivar","type":"UPDATE_FUNCTION","request":{"@type":"type.googleapis.com/google.cloud.functions.v1.CloudFunction","name":"projects/rifa-digital-f6425/locations/us-central1/functions/pushQuandoPromoAtivar","eventTrigger":{"eventType":"providers/cloud.firestore/eventTypes/document.update","resource":"projects/rifa-digital-f6425/databases/(default)/documents/Promocoes/home","service":"firestore.googleapis.com"},"status":"ACTIVE","entryPoint":"pushQuandoPromoAtivar","updateTime":"2025-12-27T00:14:13.173Z","versionId":"2","labels":{"deployment-tool":"cli-firebase","firebase-functions-hash":"33480bce64bd1a534c4276725b9a07d4bb1ff2a5"},"sourceUploadUrl":"https://storage.googleapis.com/uploads-102288537464.us-central1.cloudfunctions.appspot.com/f921fee9-71a0-4c05-93a5-bfbb84dbe6ff.zip?GoogleAccessId=service-763080965700@gcf-admin-robot.iam.gserviceaccount.com&Expires=1766946690&Signature=Y6KpRP0a8RF86PblEADfO92BcGneuYxLaq7eDQiyUJvsCP4CQbkHx%2FP3C6UXUOpwFwgHPrgbmlwGkIkSduAubtP0jWrMrAvyVL%2FfgoVO2BYliC3tWHZzEDmux0%2F98EKQ5g6zFpxAbY3%2BpWqaxjZWw37q4Y4yv1fV91Dv%2F7JrH73G3vcq2LNlrn5qcrBysHjHXZLCjtLXBTPCbMxNcoKXVbDDtqB5jrKSnaKEQq4Qx0L2XhkpqMUg8n6NHkOZ1bk2%2BS35D11MPJKrsjNZcnlrvDu26PF64qdNL%2BfG2v%2BaX%2B464xxFbTVgjBBLYaycfZ2aCCcRU7aW63WwHn8PygXNzg%3D%3D","environmentVariables":{"FIREBASE_CONFIG":"{\"projectId\":\"rifa-digital-f6425\",\"storageBucket\":\"rifa-digital-f6425.firebasestorage.app\"}","GCLOUD_PROJECT":"rifa-digital-f6425","EVENTARC_CLOUD_EVENT_SOURCE":"projects/rifa-digital-f6425/locations/us-central1/functions/pushQuandoPromoAtivar"},"runtime":"nodejs20","buildId":"94533ce2-835b-4e97-b019-57a6067c00b9","buildEnvironmentVariables":{"GOOGLE_NODE_RUN_SCRIPTS":""},"sourceToken":"9e16af42-3eb7-40a7-8953-e6df31d08fcf","buildName":"projects/763080965700/locations/us-central1/builds/94533ce2-835b-4e97-b019-57a6067c00b9","dockerRegistry":"ARTIFACT_REGISTRY","automaticUpdatePolicy":{},"buildServiceAccount":"projects/rifa-digital-f6425/serviceAccounts/763080965700-compute@developer.gserviceaccount.com"},"versionId":"3","updateTime":"2025-12-28T18:02:37Z","buildId":"a1d58a3d-af79-4ee9-8277-708d39c5ab21","sourceToken":"9e16af42-3eb7-40a7-8953-e6df31d08fcf","buildName":"projects/763080965700/locations/us-central1/builds/a1d58a3d-af79-4ee9-8277-708d39c5ab21"}}
[debug] [2025-12-28T18:02:39.936Z] Got source token 9e16af42-3eb7-40a7-8953-e6df31d08fcf for region us-central1
[debug] [2025-12-28T18:02:40.015Z] <<< [apiv2][status] GET https://cloudfunctions.googleapis.com/v1/operations/cmlmYS1kaWdpdGFsLWY2NDI1L3VzLWNlbnRyYWwxL3BhZ2FySW5kaWNhY2FvQXBvc0NvbXByYS9rNUNyYllyTXZ6aw 200
[debug] [2025-12-28T18:02:40.015Z] <<< [apiv2][body] GET https://cloudfunctions.googleapis.com/v1/operations/cmlmYS1kaWdpdGFsLWY2NDI1L3VzLWNlbnRyYWwxL3BhZ2FySW5kaWNhY2FvQXBvc0NvbXByYS9rNUNyYllyTXZ6aw {"name":"operations/cmlmYS1kaWdpdGFsLWY2NDI1L3VzLWNlbnRyYWwxL3BhZ2FySW5kaWNhY2FvQXBvc0NvbXByYS9rNUNyYllyTXZ6aw","metadata":{"@type":"type.googleapis.com/google.cloud.functions.v1.OperationMetadataV1","target":"projects/rifa-digital-f6425/locations/us-central1/functions/pagarIndicacaoAposCompra","type":"UPDATE_FUNCTION","request":{"@type":"type.googleapis.com/google.cloud.functions.v1.CloudFunction","name":"projects/rifa-digital-f6425/locations/us-central1/functions/pagarIndicacaoAposCompra","eventTrigger":{"eventType":"providers/cloud.firestore/eventTypes/document.update","resource":"projects/rifa-digital-f6425/databases/(default)/documents/Pagamentos/{pagamentoId}","service":"firestore.googleapis.com"},"status":"ACTIVE","entryPoint":"pagarIndicacaoAposCompra","updateTime":"2025-12-27T00:14:08.643Z","versionId":"1","labels":{"deployment-tool":"cli-firebase","firebase-functions-hash":"33480bce64bd1a534c4276725b9a07d4bb1ff2a5"},"sourceUploadUrl":"https://storage.googleapis.com/uploads-102288537464.us-central1.cloudfunctions.appspot.com/f921fee9-71a0-4c05-93a5-bfbb84dbe6ff.zip?GoogleAccessId=service-763080965700@gcf-admin-robot.iam.gserviceaccount.com&Expires=1766946690&Signature=Y6KpRP0a8RF86PblEADfO92BcGneuYxLaq7eDQiyUJvsCP4CQbkHx%2FP3C6UXUOpwFwgHPrgbmlwGkIkSduAubtP0jWrMrAvyVL%2FfgoVO2BYliC3tWHZzEDmux0%2F98EKQ5g6zFpxAbY3%2BpWqaxjZWw37q4Y4yv1fV91Dv%2F7JrH73G3vcq2LNlrn5qcrBysHjHXZLCjtLXBTPCbMxNcoKXVbDDtqB5jrKSnaKEQq4Qx0L2XhkpqMUg8n6NHkOZ1bk2%2BS35D11MPJKrsjNZcnlrvDu26PF64qdNL%2BfG2v%2BaX%2B464xxFbTVgjBBLYaycfZ2aCCcRU7aW63WwHn8PygXNzg%3D%3D","environmentVariables":{"FIREBASE_CONFIG":"{\"projectId\":\"rifa-digital-f6425\",\"storageBucket\":\"rifa-digital-f6425.firebasestorage.app\"}","GCLOUD_PROJECT":"rifa-digital-f6425","EVENTARC_CLOUD_EVENT_SOURCE":"projects/rifa-digital-f6425/locations/us-central1/functions/pagarIndicacaoAposCompra"},"runtime":"nodejs20","buildId":"94533ce2-835b-4e97-b019-57a6067c00b9","buildEnvironmentVariables":{"GOOGLE_NODE_RUN_SCRIPTS":""},"sourceToken":"9e16af42-3eb7-40a7-8953-e6df31d08fcf","buildName":"projects/763080965700/locations/us-central1/builds/94533ce2-835b-4e97-b019-57a6067c00b9","dockerRegistry":"ARTIFACT_REGISTRY","automaticUpdatePolicy":{},"buildServiceAccount":"projects/rifa-digital-f6425/serviceAccounts/763080965700-compute@developer.gserviceaccount.com"},"versionId":"2","updateTime":"2025-12-28T18:02:37Z","buildId":"a1d58a3d-af79-4ee9-8277-708d39c5ab21","sourceToken":"9e16af42-3eb7-40a7-8953-e6df31d08fcf","buildName":"projects/763080965700/locations/us-central1/builds/a1d58a3d-af79-4ee9-8277-708d39c5ab21"}}
[debug] [2025-12-28T18:02:40.015Z] Got source token 9e16af42-3eb7-40a7-8953-e6df31d08fcf for region us-central1
[debug] [2025-12-28T18:02:40.820Z] [update-default-us-central1-atualizarRankingCompradores] Retrying task index 0
[debug] [2025-12-28T18:02:40.820Z] Checked if tokens are valid: true, expires at: 1766948475669
[debug] [2025-12-28T18:02:40.820Z] Checked if tokens are valid: true, expires at: 1766948475669
[debug] [2025-12-28T18:02:40.820Z] >>> [apiv2][query] GET https://cloudfunctions.googleapis.com/v1/operations/cmlmYS1kaWdpdGFsLWY2NDI1L3VzLWNlbnRyYWwxL2F0dWFsaXphclJhbmtpbmdDb21wcmFkb3Jlcy9obmFhVEpXUmRhQQ [none]
[debug] [2025-12-28T18:02:40.945Z] [update-default-us-central1-pushQuandoPromoAtivar] Retrying task index 0
[debug] [2025-12-28T18:02:40.946Z] Checked if tokens are valid: true, expires at: 1766948475669
[debug] [2025-12-28T18:02:40.946Z] Checked if tokens are valid: true, expires at: 1766948475669
[debug] [2025-12-28T18:02:40.946Z] >>> [apiv2][query] GET https://cloudfunctions.googleapis.com/v1/operations/cmlmYS1kaWdpdGFsLWY2NDI1L3VzLWNlbnRyYWwxL3B1c2hRdWFuZG9Qcm9tb0F0aXZhci9DSEc3LURPZ3NSZw [none]
[debug] [2025-12-28T18:02:41.022Z] [update-default-us-central1-pagarIndicacaoAposCompra] Retrying task index 0
[debug] [2025-12-28T18:02:41.022Z] Checked if tokens are valid: true, expires at: 1766948475669
[debug] [2025-12-28T18:02:41.022Z] Checked if tokens are valid: true, expires at: 1766948475669
[debug] [2025-12-28T18:02:41.022Z] >>> [apiv2][query] GET https://cloudfunctions.googleapis.com/v1/operations/cmlmYS1kaWdpdGFsLWY2NDI1L3VzLWNlbnRyYWwxL3BhZ2FySW5kaWNhY2FvQXBvc0NvbXByYS9rNUNyYllyTXZ6aw [none]
[debug] [2025-12-28T18:02:41.416Z] <<< [apiv2][status] GET https://cloudfunctions.googleapis.com/v1/operations/cmlmYS1kaWdpdGFsLWY2NDI1L3VzLWNlbnRyYWwxL2F0dWFsaXphclJhbmtpbmdDb21wcmFkb3Jlcy9obmFhVEpXUmRhQQ 200
[debug] [2025-12-28T18:02:41.416Z] <<< [apiv2][body] GET https://cloudfunctions.googleapis.com/v1/operations/cmlmYS1kaWdpdGFsLWY2NDI1L3VzLWNlbnRyYWwxL2F0dWFsaXphclJhbmtpbmdDb21wcmFkb3Jlcy9obmFhVEpXUmRhQQ {"name":"operations/cmlmYS1kaWdpdGFsLWY2NDI1L3VzLWNlbnRyYWwxL2F0dWFsaXphclJhbmtpbmdDb21wcmFkb3Jlcy9obmFhVEpXUmRhQQ","metadata":{"@type":"type.googleapis.com/google.cloud.functions.v1.OperationMetadataV1","target":"projects/rifa-digital-f6425/locations/us-central1/functions/atualizarRankingCompradores","type":"UPDATE_FUNCTION","request":{"@type":"type.googleapis.com/google.cloud.functions.v1.CloudFunction","name":"projects/rifa-digital-f6425/locations/us-central1/functions/atualizarRankingCompradores","eventTrigger":{"eventType":"providers/cloud.firestore/eventTypes/document.create","resource":"projects/rifa-digital-f6425/databases/(default)/documents/Pagamentos/{pagamentoId}","service":"firestore.googleapis.com"},"status":"ACTIVE","entryPoint":"atualizarRankingCompradores","updateTime":"2025-12-27T00:14:02.132Z","versionId":"3","labels":{"deployment-tool":"cli-firebase","firebase-functions-hash":"33480bce64bd1a534c4276725b9a07d4bb1ff2a5"},"sourceUploadUrl":"https://storage.googleapis.com/uploads-102288537464.us-central1.cloudfunctions.appspot.com/f921fee9-71a0-4c05-93a5-bfbb84dbe6ff.zip?GoogleAccessId=service-763080965700@gcf-admin-robot.iam.gserviceaccount.com&Expires=1766946690&Signature=Y6KpRP0a8RF86PblEADfO92BcGneuYxLaq7eDQiyUJvsCP4CQbkHx%2FP3C6UXUOpwFwgHPrgbmlwGkIkSduAubtP0jWrMrAvyVL%2FfgoVO2BYliC3tWHZzEDmux0%2F98EKQ5g6zFpxAbY3%2BpWqaxjZWw37q4Y4yv1fV91Dv%2F7JrH73G3vcq2LNlrn5qcrBysHjHXZLCjtLXBTPCbMxNcoKXVbDDtqB5jrKSnaKEQq4Qx0L2XhkpqMUg8n6NHkOZ1bk2%2BS35D11MPJKrsjNZcnlrvDu26PF64qdNL%2BfG2v%2BaX%2B464xxFbTVgjBBLYaycfZ2aCCcRU7aW63WwHn8PygXNzg%3D%3D","environmentVariables":{"FIREBASE_CONFIG":"{\"projectId\":\"rifa-digital-f6425\",\"storageBucket\":\"rifa-digital-f6425.firebasestorage.app\"}","GCLOUD_PROJECT":"rifa-digital-f6425","EVENTARC_CLOUD_EVENT_SOURCE":"projects/rifa-digital-f6425/locations/us-central1/functions/atualizarRankingCompradores"},"runtime":"nodejs20","buildId":"94533ce2-835b-4e97-b019-57a6067c00b9","buildEnvironmentVariables":{"GOOGLE_NODE_RUN_SCRIPTS":""},"sourceToken":"9e16af42-3eb7-40a7-8953-e6df31d08fcf","buildName":"projects/763080965700/locations/us-central1/builds/94533ce2-835b-4e97-b019-57a6067c00b9","dockerRegistry":"ARTIFACT_REGISTRY","automaticUpdatePolicy":{},"buildServiceAccount":"projects/rifa-digital-f6425/serviceAccounts/763080965700-compute@developer.gserviceaccount.com"},"versionId":"4","updateTime":"2025-12-28T18:02:37Z","buildId":"a1d58a3d-af79-4ee9-8277-708d39c5ab21","sourceToken":"9e16af42-3eb7-40a7-8953-e6df31d08fcf","buildName":"projects/763080965700/locations/us-central1/builds/a1d58a3d-af79-4ee9-8277-708d39c5ab21"}}
[debug] [2025-12-28T18:02:41.416Z] Got source token 9e16af42-3eb7-40a7-8953-e6df31d08fcf for region us-central1
[debug] [2025-12-28T18:02:41.502Z] <<< [apiv2][status] GET https://cloudfunctions.googleapis.com/v1/operations/cmlmYS1kaWdpdGFsLWY2NDI1L3VzLWNlbnRyYWwxL3B1c2hRdWFuZG9Qcm9tb0F0aXZhci9DSEc3LURPZ3NSZw 200
[debug] [2025-12-28T18:02:41.502Z] <<< [apiv2][body] GET https://cloudfunctions.googleapis.com/v1/operations/cmlmYS1kaWdpdGFsLWY2NDI1L3VzLWNlbnRyYWwxL3B1c2hRdWFuZG9Qcm9tb0F0aXZhci9DSEc3LURPZ3NSZw {"name":"operations/cmlmYS1kaWdpdGFsLWY2NDI1L3VzLWNlbnRyYWwxL3B1c2hRdWFuZG9Qcm9tb0F0aXZhci9DSEc3LURPZ3NSZw","metadata":{"@type":"type.googleapis.com/google.cloud.functions.v1.OperationMetadataV1","target":"projects/rifa-digital-f6425/locations/us-central1/functions/pushQuandoPromoAtivar","type":"UPDATE_FUNCTION","request":{"@type":"type.googleapis.com/google.cloud.functions.v1.CloudFunction","name":"projects/rifa-digital-f6425/locations/us-central1/functions/pushQuandoPromoAtivar","eventTrigger":{"eventType":"providers/cloud.firestore/eventTypes/document.update","resource":"projects/rifa-digital-f6425/databases/(default)/documents/Promocoes/home","service":"firestore.googleapis.com"},"status":"ACTIVE","entryPoint":"pushQuandoPromoAtivar","updateTime":"2025-12-27T00:14:13.173Z","versionId":"2","labels":{"deployment-tool":"cli-firebase","firebase-functions-hash":"33480bce64bd1a534c4276725b9a07d4bb1ff2a5"},"sourceUploadUrl":"https://storage.googleapis.com/uploads-102288537464.us-central1.cloudfunctions.appspot.com/f921fee9-71a0-4c05-93a5-bfbb84dbe6ff.zip?GoogleAccessId=service-763080965700@gcf-admin-robot.iam.gserviceaccount.com&Expires=1766946690&Signature=Y6KpRP0a8RF86PblEADfO92BcGneuYxLaq7eDQiyUJvsCP4CQbkHx%2FP3C6UXUOpwFwgHPrgbmlwGkIkSduAubtP0jWrMrAvyVL%2FfgoVO2BYliC3tWHZzEDmux0%2F98EKQ5g6zFpxAbY3%2BpWqaxjZWw37q4Y4yv1fV91Dv%2F7JrH73G3vcq2LNlrn5qcrBysHjHXZLCjtLXBTPCbMxNcoKXVbDDtqB5jrKSnaKEQq4Qx0L2XhkpqMUg8n6NHkOZ1bk2%2BS35D11MPJKrsjNZcnlrvDu26PF64qdNL%2BfG2v%2BaX%2B464xxFbTVgjBBLYaycfZ2aCCcRU7aW63WwHn8PygXNzg%3D%3D","environmentVariables":{"FIREBASE_CONFIG":"{\"projectId\":\"rifa-digital-f6425\",\"storageBucket\":\"rifa-digital-f6425.firebasestorage.app\"}","GCLOUD_PROJECT":"rifa-digital-f6425","EVENTARC_CLOUD_EVENT_SOURCE":"projects/rifa-digital-f6425/locations/us-central1/functions/pushQuandoPromoAtivar"},"runtime":"nodejs20","buildId":"94533ce2-835b-4e97-b019-57a6067c00b9","buildEnvironmentVariables":{"GOOGLE_NODE_RUN_SCRIPTS":""},"sourceToken":"9e16af42-3eb7-40a7-8953-e6df31d08fcf","buildName":"projects/763080965700/locations/us-central1/builds/94533ce2-835b-4e97-b019-57a6067c00b9","dockerRegistry":"ARTIFACT_REGISTRY","automaticUpdatePolicy":{},"buildServiceAccount":"projects/rifa-digital-f6425/serviceAccounts/763080965700-compute@developer.gserviceaccount.com"},"versionId":"3","updateTime":"2025-12-28T18:02:37Z","buildId":"a1d58a3d-af79-4ee9-8277-708d39c5ab21","sourceToken":"9e16af42-3eb7-40a7-8953-e6df31d08fcf","buildName":"projects/763080965700/locations/us-central1/builds/a1d58a3d-af79-4ee9-8277-708d39c5ab21"}}
[debug] [2025-12-28T18:02:41.502Z] Got source token 9e16af42-3eb7-40a7-8953-e6df31d08fcf for region us-central1
[debug] [2025-12-28T18:02:41.601Z] <<< [apiv2][status] GET https://cloudfunctions.googleapis.com/v1/operations/cmlmYS1kaWdpdGFsLWY2NDI1L3VzLWNlbnRyYWwxL3BhZ2FySW5kaWNhY2FvQXBvc0NvbXByYS9rNUNyYllyTXZ6aw 200
[debug] [2025-12-28T18:02:41.601Z] <<< [apiv2][body] GET https://cloudfunctions.googleapis.com/v1/operations/cmlmYS1kaWdpdGFsLWY2NDI1L3VzLWNlbnRyYWwxL3BhZ2FySW5kaWNhY2FvQXBvc0NvbXByYS9rNUNyYllyTXZ6aw {"name":"operations/cmlmYS1kaWdpdGFsLWY2NDI1L3VzLWNlbnRyYWwxL3BhZ2FySW5kaWNhY2FvQXBvc0NvbXByYS9rNUNyYllyTXZ6aw","metadata":{"@type":"type.googleapis.com/google.cloud.functions.v1.OperationMetadataV1","target":"projects/rifa-digital-f6425/locations/us-central1/functions/pagarIndicacaoAposCompra","type":"UPDATE_FUNCTION","request":{"@type":"type.googleapis.com/google.cloud.functions.v1.CloudFunction","name":"projects/rifa-digital-f6425/locations/us-central1/functions/pagarIndicacaoAposCompra","eventTrigger":{"eventType":"providers/cloud.firestore/eventTypes/document.update","resource":"projects/rifa-digital-f6425/databases/(default)/documents/Pagamentos/{pagamentoId}","service":"firestore.googleapis.com"},"status":"ACTIVE","entryPoint":"pagarIndicacaoAposCompra","updateTime":"2025-12-27T00:14:08.643Z","versionId":"1","labels":{"deployment-tool":"cli-firebase","firebase-functions-hash":"33480bce64bd1a534c4276725b9a07d4bb1ff2a5"},"sourceUploadUrl":"https://storage.googleapis.com/uploads-102288537464.us-central1.cloudfunctions.appspot.com/f921fee9-71a0-4c05-93a5-bfbb84dbe6ff.zip?GoogleAccessId=service-763080965700@gcf-admin-robot.iam.gserviceaccount.com&Expires=1766946690&Signature=Y6KpRP0a8RF86PblEADfO92BcGneuYxLaq7eDQiyUJvsCP4CQbkHx%2FP3C6UXUOpwFwgHPrgbmlwGkIkSduAubtP0jWrMrAvyVL%2FfgoVO2BYliC3tWHZzEDmux0%2F98EKQ5g6zFpxAbY3%2BpWqaxjZWw37q4Y4yv1fV91Dv%2F7JrH73G3vcq2LNlrn5qcrBysHjHXZLCjtLXBTPCbMxNcoKXVbDDtqB5jrKSnaKEQq4Qx0L2XhkpqMUg8n6NHkOZ1bk2%2BS35D11MPJKrsjNZcnlrvDu26PF64qdNL%2BfG2v%2BaX%2B464xxFbTVgjBBLYaycfZ2aCCcRU7aW63WwHn8PygXNzg%3D%3D","environmentVariables":{"FIREBASE_CONFIG":"{\"projectId\":\"rifa-digital-f6425\",\"storageBucket\":\"rifa-digital-f6425.firebasestorage.app\"}","GCLOUD_PROJECT":"rifa-digital-f6425","EVENTARC_CLOUD_EVENT_SOURCE":"projects/rifa-digital-f6425/locations/us-central1/functions/pagarIndicacaoAposCompra"},"runtime":"nodejs20","buildId":"94533ce2-835b-4e97-b019-57a6067c00b9","buildEnvironmentVariables":{"GOOGLE_NODE_RUN_SCRIPTS":""},"sourceToken":"9e16af42-3eb7-40a7-8953-e6df31d08fcf","buildName":"projects/763080965700/locations/us-central1/builds/94533ce2-835b-4e97-b019-57a6067c00b9","dockerRegistry":"ARTIFACT_REGISTRY","automaticUpdatePolicy":{},"buildServiceAccount":"projects/rifa-digital-f6425/serviceAccounts/763080965700-compute@developer.gserviceaccount.com"},"versionId":"2","updateTime":"2025-12-28T18:02:37Z","buildId":"a1d58a3d-af79-4ee9-8277-708d39c5ab21","sourceToken":"9e16af42-3eb7-40a7-8953-e6df31d08fcf","buildName":"projects/763080965700/locations/us-central1/builds/a1d58a3d-af79-4ee9-8277-708d39c5ab21"}}
[debug] [2025-12-28T18:02:41.601Z] Got source token 9e16af42-3eb7-40a7-8953-e6df31d08fcf for region us-central1
[debug] [2025-12-28T18:02:43.419Z] [update-default-us-central1-atualizarRankingCompradores] Retrying task index 0
[debug] [2025-12-28T18:02:43.419Z] Checked if tokens are valid: true, expires at: 1766948475669
[debug] [2025-12-28T18:02:43.419Z] Checked if tokens are valid: true, expires at: 1766948475669
[debug] [2025-12-28T18:02:43.419Z] >>> [apiv2][query] GET https://cloudfunctions.googleapis.com/v1/operations/cmlmYS1kaWdpdGFsLWY2NDI1L3VzLWNlbnRyYWwxL2F0dWFsaXphclJhbmtpbmdDb21wcmFkb3Jlcy9obmFhVEpXUmRhQQ [none]
[debug] [2025-12-28T18:02:43.512Z] [update-default-us-central1-pushQuandoPromoAtivar] Retrying task index 0
[debug] [2025-12-28T18:02:43.512Z] Checked if tokens are valid: true, expires at: 1766948475669
[debug] [2025-12-28T18:02:43.513Z] Checked if tokens are valid: true, expires at: 1766948475669
[debug] [2025-12-28T18:02:43.513Z] >>> [apiv2][query] GET https://cloudfunctions.googleapis.com/v1/operations/cmlmYS1kaWdpdGFsLWY2NDI1L3VzLWNlbnRyYWwxL3B1c2hRdWFuZG9Qcm9tb0F0aXZhci9DSEc3LURPZ3NSZw [none]
[debug] [2025-12-28T18:02:43.605Z] [update-default-us-central1-pagarIndicacaoAposCompra] Retrying task index 0
[debug] [2025-12-28T18:02:43.606Z] Checked if tokens are valid: true, expires at: 1766948475669
[debug] [2025-12-28T18:02:43.606Z] Checked if tokens are valid: true, expires at: 1766948475669
[debug] [2025-12-28T18:02:43.606Z] >>> [apiv2][query] GET https://cloudfunctions.googleapis.com/v1/operations/cmlmYS1kaWdpdGFsLWY2NDI1L3VzLWNlbnRyYWwxL3BhZ2FySW5kaWNhY2FvQXBvc0NvbXByYS9rNUNyYllyTXZ6aw [none]
[debug] [2025-12-28T18:02:44.076Z] <<< [apiv2][status] GET https://cloudfunctions.googleapis.com/v1/operations/cmlmYS1kaWdpdGFsLWY2NDI1L3VzLWNlbnRyYWwxL2F0dWFsaXphclJhbmtpbmdDb21wcmFkb3Jlcy9obmFhVEpXUmRhQQ 200
[debug] [2025-12-28T18:02:44.076Z] <<< [apiv2][body] GET https://cloudfunctions.googleapis.com/v1/operations/cmlmYS1kaWdpdGFsLWY2NDI1L3VzLWNlbnRyYWwxL2F0dWFsaXphclJhbmtpbmdDb21wcmFkb3Jlcy9obmFhVEpXUmRhQQ {"name":"operations/cmlmYS1kaWdpdGFsLWY2NDI1L3VzLWNlbnRyYWwxL2F0dWFsaXphclJhbmtpbmdDb21wcmFkb3Jlcy9obmFhVEpXUmRhQQ","metadata":{"@type":"type.googleapis.com/google.cloud.functions.v1.OperationMetadataV1","target":"projects/rifa-digital-f6425/locations/us-central1/functions/atualizarRankingCompradores","type":"UPDATE_FUNCTION","request":{"@type":"type.googleapis.com/google.cloud.functions.v1.CloudFunction","name":"projects/rifa-digital-f6425/locations/us-central1/functions/atualizarRankingCompradores","eventTrigger":{"eventType":"providers/cloud.firestore/eventTypes/document.create","resource":"projects/rifa-digital-f6425/databases/(default)/documents/Pagamentos/{pagamentoId}","service":"firestore.googleapis.com"},"status":"ACTIVE","entryPoint":"atualizarRankingCompradores","updateTime":"2025-12-27T00:14:02.132Z","versionId":"3","labels":{"deployment-tool":"cli-firebase","firebase-functions-hash":"33480bce64bd1a534c4276725b9a07d4bb1ff2a5"},"sourceUploadUrl":"https://storage.googleapis.com/uploads-102288537464.us-central1.cloudfunctions.appspot.com/f921fee9-71a0-4c05-93a5-bfbb84dbe6ff.zip?GoogleAccessId=service-763080965700@gcf-admin-robot.iam.gserviceaccount.com&Expires=1766946690&Signature=Y6KpRP0a8RF86PblEADfO92BcGneuYxLaq7eDQiyUJvsCP4CQbkHx%2FP3C6UXUOpwFwgHPrgbmlwGkIkSduAubtP0jWrMrAvyVL%2FfgoVO2BYliC3tWHZzEDmux0%2F98EKQ5g6zFpxAbY3%2BpWqaxjZWw37q4Y4yv1fV91Dv%2F7JrH73G3vcq2LNlrn5qcrBysHjHXZLCjtLXBTPCbMxNcoKXVbDDtqB5jrKSnaKEQq4Qx0L2XhkpqMUg8n6NHkOZ1bk2%2BS35D11MPJKrsjNZcnlrvDu26PF64qdNL%2BfG2v%2BaX%2B464xxFbTVgjBBLYaycfZ2aCCcRU7aW63WwHn8PygXNzg%3D%3D","environmentVariables":{"FIREBASE_CONFIG":"{\"projectId\":\"rifa-digital-f6425\",\"storageBucket\":\"rifa-digital-f6425.firebasestorage.app\"}","GCLOUD_PROJECT":"rifa-digital-f6425","EVENTARC_CLOUD_EVENT_SOURCE":"projects/rifa-digital-f6425/locations/us-central1/functions/atualizarRankingCompradores"},"runtime":"nodejs20","buildId":"94533ce2-835b-4e97-b019-57a6067c00b9","buildEnvironmentVariables":{"GOOGLE_NODE_RUN_SCRIPTS":""},"sourceToken":"9e16af42-3eb7-40a7-8953-e6df31d08fcf","buildName":"projects/763080965700/locations/us-central1/builds/94533ce2-835b-4e97-b019-57a6067c00b9","dockerRegistry":"ARTIFACT_REGISTRY","automaticUpdatePolicy":{},"buildServiceAccount":"projects/rifa-digital-f6425/serviceAccounts/763080965700-compute@developer.gserviceaccount.com"},"versionId":"4","updateTime":"2025-12-28T18:02:37Z","buildId":"a1d58a3d-af79-4ee9-8277-708d39c5ab21","sourceToken":"9e16af42-3eb7-40a7-8953-e6df31d08fcf","buildName":"projects/763080965700/locations/us-central1/builds/a1d58a3d-af79-4ee9-8277-708d39c5ab21"}}
[debug] [2025-12-28T18:02:44.076Z] Got source token 9e16af42-3eb7-40a7-8953-e6df31d08fcf for region us-central1
[debug] [2025-12-28T18:02:44.088Z] <<< [apiv2][status] GET https://cloudfunctions.googleapis.com/v1/operations/cmlmYS1kaWdpdGFsLWY2NDI1L3VzLWNlbnRyYWwxL3B1c2hRdWFuZG9Qcm9tb0F0aXZhci9DSEc3LURPZ3NSZw 200
[debug] [2025-12-28T18:02:44.088Z] <<< [apiv2][body] GET https://cloudfunctions.googleapis.com/v1/operations/cmlmYS1kaWdpdGFsLWY2NDI1L3VzLWNlbnRyYWwxL3B1c2hRdWFuZG9Qcm9tb0F0aXZhci9DSEc3LURPZ3NSZw {"name":"operations/cmlmYS1kaWdpdGFsLWY2NDI1L3VzLWNlbnRyYWwxL3B1c2hRdWFuZG9Qcm9tb0F0aXZhci9DSEc3LURPZ3NSZw","metadata":{"@type":"type.googleapis.com/google.cloud.functions.v1.OperationMetadataV1","target":"projects/rifa-digital-f6425/locations/us-central1/functions/pushQuandoPromoAtivar","type":"UPDATE_FUNCTION","request":{"@type":"type.googleapis.com/google.cloud.functions.v1.CloudFunction","name":"projects/rifa-digital-f6425/locations/us-central1/functions/pushQuandoPromoAtivar","eventTrigger":{"eventType":"providers/cloud.firestore/eventTypes/document.update","resource":"projects/rifa-digital-f6425/databases/(default)/documents/Promocoes/home","service":"firestore.googleapis.com"},"status":"ACTIVE","entryPoint":"pushQuandoPromoAtivar","updateTime":"2025-12-27T00:14:13.173Z","versionId":"2","labels":{"deployment-tool":"cli-firebase","firebase-functions-hash":"33480bce64bd1a534c4276725b9a07d4bb1ff2a5"},"sourceUploadUrl":"https://storage.googleapis.com/uploads-102288537464.us-central1.cloudfunctions.appspot.com/f921fee9-71a0-4c05-93a5-bfbb84dbe6ff.zip?GoogleAccessId=service-763080965700@gcf-admin-robot.iam.gserviceaccount.com&Expires=1766946690&Signature=Y6KpRP0a8RF86PblEADfO92BcGneuYxLaq7eDQiyUJvsCP4CQbkHx%2FP3C6UXUOpwFwgHPrgbmlwGkIkSduAubtP0jWrMrAvyVL%2FfgoVO2BYliC3tWHZzEDmux0%2F98EKQ5g6zFpxAbY3%2BpWqaxjZWw37q4Y4yv1fV91Dv%2F7JrH73G3vcq2LNlrn5qcrBysHjHXZLCjtLXBTPCbMxNcoKXVbDDtqB5jrKSnaKEQq4Qx0L2XhkpqMUg8n6NHkOZ1bk2%2BS35D11MPJKrsjNZcnlrvDu26PF64qdNL%2BfG2v%2BaX%2B464xxFbTVgjBBLYaycfZ2aCCcRU7aW63WwHn8PygXNzg%3D%3D","environmentVariables":{"FIREBASE_CONFIG":"{\"projectId\":\"rifa-digital-f6425\",\"storageBucket\":\"rifa-digital-f6425.firebasestorage.app\"}","GCLOUD_PROJECT":"rifa-digital-f6425","EVENTARC_CLOUD_EVENT_SOURCE":"projects/rifa-digital-f6425/locations/us-central1/functions/pushQuandoPromoAtivar"},"runtime":"nodejs20","buildId":"94533ce2-835b-4e97-b019-57a6067c00b9","buildEnvironmentVariables":{"GOOGLE_NODE_RUN_SCRIPTS":""},"sourceToken":"9e16af42-3eb7-40a7-8953-e6df31d08fcf","buildName":"projects/763080965700/locations/us-central1/builds/94533ce2-835b-4e97-b019-57a6067c00b9","dockerRegistry":"ARTIFACT_REGISTRY","automaticUpdatePolicy":{},"buildServiceAccount":"projects/rifa-digital-f6425/serviceAccounts/763080965700-compute@developer.gserviceaccount.com"},"versionId":"3","updateTime":"2025-12-28T18:02:37Z","buildId":"a1d58a3d-af79-4ee9-8277-708d39c5ab21","sourceToken":"9e16af42-3eb7-40a7-8953-e6df31d08fcf","buildName":"projects/763080965700/locations/us-central1/builds/a1d58a3d-af79-4ee9-8277-708d39c5ab21"}}
[debug] [2025-12-28T18:02:44.088Z] Got source token 9e16af42-3eb7-40a7-8953-e6df31d08fcf for region us-central1
[debug] [2025-12-28T18:02:44.183Z] <<< [apiv2][status] GET https://cloudfunctions.googleapis.com/v1/operations/cmlmYS1kaWdpdGFsLWY2NDI1L3VzLWNlbnRyYWwxL3BhZ2FySW5kaWNhY2FvQXBvc0NvbXByYS9rNUNyYllyTXZ6aw 200
[debug] [2025-12-28T18:02:44.183Z] <<< [apiv2][body] GET https://cloudfunctions.googleapis.com/v1/operations/cmlmYS1kaWdpdGFsLWY2NDI1L3VzLWNlbnRyYWwxL3BhZ2FySW5kaWNhY2FvQXBvc0NvbXByYS9rNUNyYllyTXZ6aw {"name":"operations/cmlmYS1kaWdpdGFsLWY2NDI1L3VzLWNlbnRyYWwxL3BhZ2FySW5kaWNhY2FvQXBvc0NvbXByYS9rNUNyYllyTXZ6aw","metadata":{"@type":"type.googleapis.com/google.cloud.functions.v1.OperationMetadataV1","target":"projects/rifa-digital-f6425/locations/us-central1/functions/pagarIndicacaoAposCompra","type":"UPDATE_FUNCTION","request":{"@type":"type.googleapis.com/google.cloud.functions.v1.CloudFunction","name":"projects/rifa-digital-f6425/locations/us-central1/functions/pagarIndicacaoAposCompra","eventTrigger":{"eventType":"providers/cloud.firestore/eventTypes/document.update","resource":"projects/rifa-digital-f6425/databases/(default)/documents/Pagamentos/{pagamentoId}","service":"firestore.googleapis.com"},"status":"ACTIVE","entryPoint":"pagarIndicacaoAposCompra","updateTime":"2025-12-27T00:14:08.643Z","versionId":"1","labels":{"deployment-tool":"cli-firebase","firebase-functions-hash":"33480bce64bd1a534c4276725b9a07d4bb1ff2a5"},"sourceUploadUrl":"https://storage.googleapis.com/uploads-102288537464.us-central1.cloudfunctions.appspot.com/f921fee9-71a0-4c05-93a5-bfbb84dbe6ff.zip?GoogleAccessId=service-763080965700@gcf-admin-robot.iam.gserviceaccount.com&Expires=1766946690&Signature=Y6KpRP0a8RF86PblEADfO92BcGneuYxLaq7eDQiyUJvsCP4CQbkHx%2FP3C6UXUOpwFwgHPrgbmlwGkIkSduAubtP0jWrMrAvyVL%2FfgoVO2BYliC3tWHZzEDmux0%2F98EKQ5g6zFpxAbY3%2BpWqaxjZWw37q4Y4yv1fV91Dv%2F7JrH73G3vcq2LNlrn5qcrBysHjHXZLCjtLXBTPCbMxNcoKXVbDDtqB5jrKSnaKEQq4Qx0L2XhkpqMUg8n6NHkOZ1bk2%2BS35D11MPJKrsjNZcnlrvDu26PF64qdNL%2BfG2v%2BaX%2B464xxFbTVgjBBLYaycfZ2aCCcRU7aW63WwHn8PygXNzg%3D%3D","environmentVariables":{"FIREBASE_CONFIG":"{\"projectId\":\"rifa-digital-f6425\",\"storageBucket\":\"rifa-digital-f6425.firebasestorage.app\"}","GCLOUD_PROJECT":"rifa-digital-f6425","EVENTARC_CLOUD_EVENT_SOURCE":"projects/rifa-digital-f6425/locations/us-central1/functions/pagarIndicacaoAposCompra"},"runtime":"nodejs20","buildId":"94533ce2-835b-4e97-b019-57a6067c00b9","buildEnvironmentVariables":{"GOOGLE_NODE_RUN_SCRIPTS":""},"sourceToken":"9e16af42-3eb7-40a7-8953-e6df31d08fcf","buildName":"projects/763080965700/locations/us-central1/builds/94533ce2-835b-4e97-b019-57a6067c00b9","dockerRegistry":"ARTIFACT_REGISTRY","automaticUpdatePolicy":{},"buildServiceAccount":"projects/rifa-digital-f6425/serviceAccounts/763080965700-compute@developer.gserviceaccount.com"},"versionId":"2","updateTime":"2025-12-28T18:02:37Z","buildId":"a1d58a3d-af79-4ee9-8277-708d39c5ab21","sourceToken":"9e16af42-3eb7-40a7-8953-e6df31d08fcf","buildName":"projects/763080965700/locations/us-central1/builds/a1d58a3d-af79-4ee9-8277-708d39c5ab21"}}
[debug] [2025-12-28T18:02:44.183Z] Got source token 9e16af42-3eb7-40a7-8953-e6df31d08fcf for region us-central1
[debug] [2025-12-28T18:02:46.217Z] [create-default-us-central1-atualizarStatusSorteio] Retrying task index 0
[debug] [2025-12-28T18:02:46.217Z] Checked if tokens are valid: true, expires at: 1766948475669
[debug] [2025-12-28T18:02:46.217Z] Checked if tokens are valid: true, expires at: 1766948475669
[debug] [2025-12-28T18:02:46.217Z] >>> [apiv2][query] GET https://cloudfunctions.googleapis.com/v1/operations/cHJvamVjdHMvcmlmYS1kaWdpdGFsLWY2NDI1L2xvY2F0aW9ucy91cy1jZW50cmFsMS9vcGVyYXRpb25zL29wZXJhdGlvbi0xNzY2OTQ0ODkyMTY2LTY0NzA2ZWFhMmEyY2ItMTEwNjkyZTgtOWI0MThiMjg [none]
[debug] [2025-12-28T18:02:46.791Z] <<< [apiv2][status] GET https://cloudfunctions.googleapis.com/v1/operations/cHJvamVjdHMvcmlmYS1kaWdpdGFsLWY2NDI1L2xvY2F0aW9ucy91cy1jZW50cmFsMS9vcGVyYXRpb25zL29wZXJhdGlvbi0xNzY2OTQ0ODkyMTY2LTY0NzA2ZWFhMmEyY2ItMTEwNjkyZTgtOWI0MThiMjg 200
[debug] [2025-12-28T18:02:46.791Z] <<< [apiv2][body] GET https://cloudfunctions.googleapis.com/v1/operations/cHJvamVjdHMvcmlmYS1kaWdpdGFsLWY2NDI1L2xvY2F0aW9ucy91cy1jZW50cmFsMS9vcGVyYXRpb25zL29wZXJhdGlvbi0xNzY2OTQ0ODkyMTY2LTY0NzA2ZWFhMmEyY2ItMTEwNjkyZTgtOWI0MThiMjg {"name":"operations/cHJvamVjdHMvcmlmYS1kaWdpdGFsLWY2NDI1L2xvY2F0aW9ucy91cy1jZW50cmFsMS9vcGVyYXRpb25zL29wZXJhdGlvbi0xNzY2OTQ0ODkyMTY2LTY0NzA2ZWFhMmEyY2ItMTEwNjkyZTgtOWI0MThiMjg","metadata":{"@type":"type.googleapis.com/google.cloud.functions.v1.OperationMetadataV1","target":"projects/rifa-digital-f6425/locations/us-central1/functions/atualizarStatusSorteio","type":"CREATE_FUNCTION","request":{"@type":"type.googleapis.com/google.cloud.functions.v1.CloudFunction","name":"projects/rifa-digital-f6425/locations/us-central1/functions/atualizarStatusSorteio","eventTrigger":{"eventType":"providers/cloud.firestore/eventTypes/document.update","resource":"projects/rifa-digital-f6425/databases/(default)/documents/Pagamentos/{pagamentoId}","failurePolicy":{}},"entryPoint":"atualizarStatusSorteio","updateTime":"1970-01-01T00:00:00Z","labels":{"deployment-tool":"cli-firebase","firebase-functions-hash":"33480bce64bd1a534c4276725b9a07d4bb1ff2a5"},"sourceUploadUrl":"https://storage.googleapis.com/uploads-102288537464.us-central1.cloudfunctions.appspot.com/f921fee9-71a0-4c05-93a5-bfbb84dbe6ff.zip?GoogleAccessId=service-763080965700@gcf-admin-robot.iam.gserviceaccount.com&Expires=1766946690&Signature=Y6KpRP0a8RF86PblEADfO92BcGneuYxLaq7eDQiyUJvsCP4CQbkHx%2FP3C6UXUOpwFwgHPrgbmlwGkIkSduAubtP0jWrMrAvyVL%2FfgoVO2BYliC3tWHZzEDmux0%2F98EKQ5g6zFpxAbY3%2BpWqaxjZWw37q4Y4yv1fV91Dv%2F7JrH73G3vcq2LNlrn5qcrBysHjHXZLCjtLXBTPCbMxNcoKXVbDDtqB5jrKSnaKEQq4Qx0L2XhkpqMUg8n6NHkOZ1bk2%2BS35D11MPJKrsjNZcnlrvDu26PF64qdNL%2BfG2v%2BaX%2B464xxFbTVgjBBLYaycfZ2aCCcRU7aW63WwHn8PygXNzg%3D%3D","environmentVariables":{"FIREBASE_CONFIG":"{\"projectId\":\"rifa-digital-f6425\",\"storageBucket\":\"rifa-digital-f6425.firebasestorage.app\"}","GCLOUD_PROJECT":"rifa-digital-f6425","EVENTARC_CLOUD_EVENT_SOURCE":"projects/rifa-digital-f6425/locations/us-central1/functions/atualizarStatusSorteio"},"runtime":"nodejs20","buildEnvironmentVariables":{"GOOGLE_NODE_RUN_SCRIPTS":""},"dockerRegistry":"ARTIFACT_REGISTRY"},"versionId":"1","updateTime":"2025-12-28T18:01:32.604531614Z","buildId":"a1d58a3d-af79-4ee9-8277-708d39c5ab21","sourceToken":"9e16af42-3eb7-40a7-8953-e6df31d08fcf","buildName":"projects/763080965700/locations/us-central1/builds/a1d58a3d-af79-4ee9-8277-708d39c5ab21"}}
[debug] [2025-12-28T18:02:46.792Z] Got source token 9e16af42-3eb7-40a7-8953-e6df31d08fcf for region us-central1
[debug] [2025-12-28T18:02:48.079Z] [update-default-us-central1-atualizarRankingCompradores] Retrying task index 0
[debug] [2025-12-28T18:02:48.079Z] Checked if tokens are valid: true, expires at: 1766948475669
[debug] [2025-12-28T18:02:48.080Z] Checked if tokens are valid: true, expires at: 1766948475669
[debug] [2025-12-28T18:02:48.080Z] >>> [apiv2][query] GET https://cloudfunctions.googleapis.com/v1/operations/cmlmYS1kaWdpdGFsLWY2NDI1L3VzLWNlbnRyYWwxL2F0dWFsaXphclJhbmtpbmdDb21wcmFkb3Jlcy9obmFhVEpXUmRhQQ [none]
[debug] [2025-12-28T18:02:48.095Z] [update-default-us-central1-pushQuandoPromoAtivar] Retrying task index 0
[debug] [2025-12-28T18:02:48.096Z] Checked if tokens are valid: true, expires at: 1766948475669
[debug] [2025-12-28T18:02:48.096Z] Checked if tokens are valid: true, expires at: 1766948475669
[debug] [2025-12-28T18:02:48.096Z] >>> [apiv2][query] GET https://cloudfunctions.googleapis.com/v1/operations/cmlmYS1kaWdpdGFsLWY2NDI1L3VzLWNlbnRyYWwxL3B1c2hRdWFuZG9Qcm9tb0F0aXZhci9DSEc3LURPZ3NSZw [none]
[debug] [2025-12-28T18:02:48.188Z] [update-default-us-central1-pagarIndicacaoAposCompra] Retrying task index 0
[debug] [2025-12-28T18:02:48.188Z] Checked if tokens are valid: true, expires at: 1766948475669
[debug] [2025-12-28T18:02:48.188Z] Checked if tokens are valid: true, expires at: 1766948475669
[debug] [2025-12-28T18:02:48.189Z] >>> [apiv2][query] GET https://cloudfunctions.googleapis.com/v1/operations/cmlmYS1kaWdpdGFsLWY2NDI1L3VzLWNlbnRyYWwxL3BhZ2FySW5kaWNhY2FvQXBvc0NvbXByYS9rNUNyYllyTXZ6aw [none]
[debug] [2025-12-28T18:02:48.719Z] <<< [apiv2][status] GET https://cloudfunctions.googleapis.com/v1/operations/cmlmYS1kaWdpdGFsLWY2NDI1L3VzLWNlbnRyYWwxL2F0dWFsaXphclJhbmtpbmdDb21wcmFkb3Jlcy9obmFhVEpXUmRhQQ 200
[debug] [2025-12-28T18:02:48.719Z] <<< [apiv2][body] GET https://cloudfunctions.googleapis.com/v1/operations/cmlmYS1kaWdpdGFsLWY2NDI1L3VzLWNlbnRyYWwxL2F0dWFsaXphclJhbmtpbmdDb21wcmFkb3Jlcy9obmFhVEpXUmRhQQ {"name":"operations/cmlmYS1kaWdpdGFsLWY2NDI1L3VzLWNlbnRyYWwxL2F0dWFsaXphclJhbmtpbmdDb21wcmFkb3Jlcy9obmFhVEpXUmRhQQ","metadata":{"@type":"type.googleapis.com/google.cloud.functions.v1.OperationMetadataV1","target":"projects/rifa-digital-f6425/locations/us-central1/functions/atualizarRankingCompradores","type":"UPDATE_FUNCTION","request":{"@type":"type.googleapis.com/google.cloud.functions.v1.CloudFunction","name":"projects/rifa-digital-f6425/locations/us-central1/functions/atualizarRankingCompradores","eventTrigger":{"eventType":"providers/cloud.firestore/eventTypes/document.create","resource":"projects/rifa-digital-f6425/databases/(default)/documents/Pagamentos/{pagamentoId}","service":"firestore.googleapis.com"},"status":"ACTIVE","entryPoint":"atualizarRankingCompradores","updateTime":"2025-12-27T00:14:02.132Z","versionId":"3","labels":{"deployment-tool":"cli-firebase","firebase-functions-hash":"33480bce64bd1a534c4276725b9a07d4bb1ff2a5"},"sourceUploadUrl":"https://storage.googleapis.com/uploads-102288537464.us-central1.cloudfunctions.appspot.com/f921fee9-71a0-4c05-93a5-bfbb84dbe6ff.zip?GoogleAccessId=service-763080965700@gcf-admin-robot.iam.gserviceaccount.com&Expires=1766946690&Signature=Y6KpRP0a8RF86PblEADfO92BcGneuYxLaq7eDQiyUJvsCP4CQbkHx%2FP3C6UXUOpwFwgHPrgbmlwGkIkSduAubtP0jWrMrAvyVL%2FfgoVO2BYliC3tWHZzEDmux0%2F98EKQ5g6zFpxAbY3%2BpWqaxjZWw37q4Y4yv1fV91Dv%2F7JrH73G3vcq2LNlrn5qcrBysHjHXZLCjtLXBTPCbMxNcoKXVbDDtqB5jrKSnaKEQq4Qx0L2XhkpqMUg8n6NHkOZ1bk2%2BS35D11MPJKrsjNZcnlrvDu26PF64qdNL%2BfG2v%2BaX%2B464xxFbTVgjBBLYaycfZ2aCCcRU7aW63WwHn8PygXNzg%3D%3D","environmentVariables":{"FIREBASE_CONFIG":"{\"projectId\":\"rifa-digital-f6425\",\"storageBucket\":\"rifa-digital-f6425.firebasestorage.app\"}","GCLOUD_PROJECT":"rifa-digital-f6425","EVENTARC_CLOUD_EVENT_SOURCE":"projects/rifa-digital-f6425/locations/us-central1/functions/atualizarRankingCompradores"},"runtime":"nodejs20","buildId":"94533ce2-835b-4e97-b019-57a6067c00b9","buildEnvironmentVariables":{"GOOGLE_NODE_RUN_SCRIPTS":""},"sourceToken":"9e16af42-3eb7-40a7-8953-e6df31d08fcf","buildName":"projects/763080965700/locations/us-central1/builds/94533ce2-835b-4e97-b019-57a6067c00b9","dockerRegistry":"ARTIFACT_REGISTRY","automaticUpdatePolicy":{},"buildServiceAccount":"projects/rifa-digital-f6425/serviceAccounts/763080965700-compute@developer.gserviceaccount.com"},"versionId":"4","updateTime":"2025-12-28T18:02:37Z","buildId":"a1d58a3d-af79-4ee9-8277-708d39c5ab21","sourceToken":"9e16af42-3eb7-40a7-8953-e6df31d08fcf","buildName":"projects/763080965700/locations/us-central1/builds/a1d58a3d-af79-4ee9-8277-708d39c5ab21"}}
[debug] [2025-12-28T18:02:48.719Z] Got source token 9e16af42-3eb7-40a7-8953-e6df31d08fcf for region us-central1
[debug] [2025-12-28T18:02:48.767Z] <<< [apiv2][status] GET https://cloudfunctions.googleapis.com/v1/operations/cmlmYS1kaWdpdGFsLWY2NDI1L3VzLWNlbnRyYWwxL3B1c2hRdWFuZG9Qcm9tb0F0aXZhci9DSEc3LURPZ3NSZw 200
[debug] [2025-12-28T18:02:48.767Z] <<< [apiv2][body] GET https://cloudfunctions.googleapis.com/v1/operations/cmlmYS1kaWdpdGFsLWY2NDI1L3VzLWNlbnRyYWwxL3B1c2hRdWFuZG9Qcm9tb0F0aXZhci9DSEc3LURPZ3NSZw {"name":"operations/cmlmYS1kaWdpdGFsLWY2NDI1L3VzLWNlbnRyYWwxL3B1c2hRdWFuZG9Qcm9tb0F0aXZhci9DSEc3LURPZ3NSZw","metadata":{"@type":"type.googleapis.com/google.cloud.functions.v1.OperationMetadataV1","target":"projects/rifa-digital-f6425/locations/us-central1/functions/pushQuandoPromoAtivar","type":"UPDATE_FUNCTION","request":{"@type":"type.googleapis.com/google.cloud.functions.v1.CloudFunction","name":"projects/rifa-digital-f6425/locations/us-central1/functions/pushQuandoPromoAtivar","eventTrigger":{"eventType":"providers/cloud.firestore/eventTypes/document.update","resource":"projects/rifa-digital-f6425/databases/(default)/documents/Promocoes/home","service":"firestore.googleapis.com"},"status":"ACTIVE","entryPoint":"pushQuandoPromoAtivar","updateTime":"2025-12-27T00:14:13.173Z","versionId":"2","labels":{"deployment-tool":"cli-firebase","firebase-functions-hash":"33480bce64bd1a534c4276725b9a07d4bb1ff2a5"},"sourceUploadUrl":"https://storage.googleapis.com/uploads-102288537464.us-central1.cloudfunctions.appspot.com/f921fee9-71a0-4c05-93a5-bfbb84dbe6ff.zip?GoogleAccessId=service-763080965700@gcf-admin-robot.iam.gserviceaccount.com&Expires=1766946690&Signature=Y6KpRP0a8RF86PblEADfO92BcGneuYxLaq7eDQiyUJvsCP4CQbkHx%2FP3C6UXUOpwFwgHPrgbmlwGkIkSduAubtP0jWrMrAvyVL%2FfgoVO2BYliC3tWHZzEDmux0%2F98EKQ5g6zFpxAbY3%2BpWqaxjZWw37q4Y4yv1fV91Dv%2F7JrH73G3vcq2LNlrn5qcrBysHjHXZLCjtLXBTPCbMxNcoKXVbDDtqB5jrKSnaKEQq4Qx0L2XhkpqMUg8n6NHkOZ1bk2%2BS35D11MPJKrsjNZcnlrvDu26PF64qdNL%2BfG2v%2BaX%2B464xxFbTVgjBBLYaycfZ2aCCcRU7aW63WwHn8PygXNzg%3D%3D","environmentVariables":{"FIREBASE_CONFIG":"{\"projectId\":\"rifa-digital-f6425\",\"storageBucket\":\"rifa-digital-f6425.firebasestorage.app\"}","GCLOUD_PROJECT":"rifa-digital-f6425","EVENTARC_CLOUD_EVENT_SOURCE":"projects/rifa-digital-f6425/locations/us-central1/functions/pushQuandoPromoAtivar"},"runtime":"nodejs20","buildId":"94533ce2-835b-4e97-b019-57a6067c00b9","buildEnvironmentVariables":{"GOOGLE_NODE_RUN_SCRIPTS":""},"sourceToken":"9e16af42-3eb7-40a7-8953-e6df31d08fcf","buildName":"projects/763080965700/locations/us-central1/builds/94533ce2-835b-4e97-b019-57a6067c00b9","dockerRegistry":"ARTIFACT_REGISTRY","automaticUpdatePolicy":{},"buildServiceAccount":"projects/rifa-digital-f6425/serviceAccounts/763080965700-compute@developer.gserviceaccount.com"},"versionId":"3","updateTime":"2025-12-28T18:02:37Z","buildId":"a1d58a3d-af79-4ee9-8277-708d39c5ab21","sourceToken":"9e16af42-3eb7-40a7-8953-e6df31d08fcf","buildName":"projects/763080965700/locations/us-central1/builds/a1d58a3d-af79-4ee9-8277-708d39c5ab21"}}
[debug] [2025-12-28T18:02:48.767Z] Got source token 9e16af42-3eb7-40a7-8953-e6df31d08fcf for region us-central1
[debug] [2025-12-28T18:02:48.825Z] <<< [apiv2][status] GET https://cloudfunctions.googleapis.com/v1/operations/cmlmYS1kaWdpdGFsLWY2NDI1L3VzLWNlbnRyYWwxL3BhZ2FySW5kaWNhY2FvQXBvc0NvbXByYS9rNUNyYllyTXZ6aw 200
[debug] [2025-12-28T18:02:48.825Z] <<< [apiv2][body] GET https://cloudfunctions.googleapis.com/v1/operations/cmlmYS1kaWdpdGFsLWY2NDI1L3VzLWNlbnRyYWwxL3BhZ2FySW5kaWNhY2FvQXBvc0NvbXByYS9rNUNyYllyTXZ6aw {"name":"operations/cmlmYS1kaWdpdGFsLWY2NDI1L3VzLWNlbnRyYWwxL3BhZ2FySW5kaWNhY2FvQXBvc0NvbXByYS9rNUNyYllyTXZ6aw","metadata":{"@type":"type.googleapis.com/google.cloud.functions.v1.OperationMetadataV1","target":"projects/rifa-digital-f6425/locations/us-central1/functions/pagarIndicacaoAposCompra","type":"UPDATE_FUNCTION","request":{"@type":"type.googleapis.com/google.cloud.functions.v1.CloudFunction","name":"projects/rifa-digital-f6425/locations/us-central1/functions/pagarIndicacaoAposCompra","eventTrigger":{"eventType":"providers/cloud.firestore/eventTypes/document.update","resource":"projects/rifa-digital-f6425/databases/(default)/documents/Pagamentos/{pagamentoId}","service":"firestore.googleapis.com"},"status":"ACTIVE","entryPoint":"pagarIndicacaoAposCompra","updateTime":"2025-12-27T00:14:08.643Z","versionId":"1","labels":{"deployment-tool":"cli-firebase","firebase-functions-hash":"33480bce64bd1a534c4276725b9a07d4bb1ff2a5"},"sourceUploadUrl":"https://storage.googleapis.com/uploads-102288537464.us-central1.cloudfunctions.appspot.com/f921fee9-71a0-4c05-93a5-bfbb84dbe6ff.zip?GoogleAccessId=service-763080965700@gcf-admin-robot.iam.gserviceaccount.com&Expires=1766946690&Signature=Y6KpRP0a8RF86PblEADfO92BcGneuYxLaq7eDQiyUJvsCP4CQbkHx%2FP3C6UXUOpwFwgHPrgbmlwGkIkSduAubtP0jWrMrAvyVL%2FfgoVO2BYliC3tWHZzEDmux0%2F98EKQ5g6zFpxAbY3%2BpWqaxjZWw37q4Y4yv1fV91Dv%2F7JrH73G3vcq2LNlrn5qcrBysHjHXZLCjtLXBTPCbMxNcoKXVbDDtqB5jrKSnaKEQq4Qx0L2XhkpqMUg8n6NHkOZ1bk2%2BS35D11MPJKrsjNZcnlrvDu26PF64qdNL%2BfG2v%2BaX%2B464xxFbTVgjBBLYaycfZ2aCCcRU7aW63WwHn8PygXNzg%3D%3D","environmentVariables":{"FIREBASE_CONFIG":"{\"projectId\":\"rifa-digital-f6425\",\"storageBucket\":\"rifa-digital-f6425.firebasestorage.app\"}","GCLOUD_PROJECT":"rifa-digital-f6425","EVENTARC_CLOUD_EVENT_SOURCE":"projects/rifa-digital-f6425/locations/us-central1/functions/pagarIndicacaoAposCompra"},"runtime":"nodejs20","buildId":"94533ce2-835b-4e97-b019-57a6067c00b9","buildEnvironmentVariables":{"GOOGLE_NODE_RUN_SCRIPTS":""},"sourceToken":"9e16af42-3eb7-40a7-8953-e6df31d08fcf","buildName":"projects/763080965700/locations/us-central1/builds/94533ce2-835b-4e97-b019-57a6067c00b9","dockerRegistry":"ARTIFACT_REGISTRY","automaticUpdatePolicy":{},"buildServiceAccount":"projects/rifa-digital-f6425/serviceAccounts/763080965700-compute@developer.gserviceaccount.com"},"versionId":"2","updateTime":"2025-12-28T18:02:37Z","buildId":"a1d58a3d-af79-4ee9-8277-708d39c5ab21","sourceToken":"9e16af42-3eb7-40a7-8953-e6df31d08fcf","buildName":"projects/763080965700/locations/us-central1/builds/a1d58a3d-af79-4ee9-8277-708d39c5ab21"}}
[debug] [2025-12-28T18:02:48.825Z] Got source token 9e16af42-3eb7-40a7-8953-e6df31d08fcf for region us-central1
[debug] [2025-12-28T18:02:56.733Z] [update-default-us-central1-atualizarRankingCompradores] Retrying task index 0
[debug] [2025-12-28T18:02:56.734Z] Checked if tokens are valid: true, expires at: 1766948475669
[debug] [2025-12-28T18:02:56.734Z] Checked if tokens are valid: true, expires at: 1766948475669
[debug] [2025-12-28T18:02:56.734Z] >>> [apiv2][query] GET https://cloudfunctions.googleapis.com/v1/operations/cmlmYS1kaWdpdGFsLWY2NDI1L3VzLWNlbnRyYWwxL2F0dWFsaXphclJhbmtpbmdDb21wcmFkb3Jlcy9obmFhVEpXUmRhQQ [none]
[debug] [2025-12-28T18:02:56.780Z] [update-default-us-central1-pushQuandoPromoAtivar] Retrying task index 0
[debug] [2025-12-28T18:02:56.780Z] Checked if tokens are valid: true, expires at: 1766948475669
[debug] [2025-12-28T18:02:56.780Z] Checked if tokens are valid: true, expires at: 1766948475669
[debug] [2025-12-28T18:02:56.781Z] >>> [apiv2][query] GET https://cloudfunctions.googleapis.com/v1/operations/cmlmYS1kaWdpdGFsLWY2NDI1L3VzLWNlbnRyYWwxL3B1c2hRdWFuZG9Qcm9tb0F0aXZhci9DSEc3LURPZ3NSZw [none]
[debug] [2025-12-28T18:02:56.795Z] [create-default-us-central1-atualizarStatusSorteio] Retrying task index 0
[debug] [2025-12-28T18:02:56.795Z] Checked if tokens are valid: true, expires at: 1766948475669
[debug] [2025-12-28T18:02:56.796Z] Checked if tokens are valid: true, expires at: 1766948475669
[debug] [2025-12-28T18:02:56.796Z] >>> [apiv2][query] GET https://cloudfunctions.googleapis.com/v1/operations/cHJvamVjdHMvcmlmYS1kaWdpdGFsLWY2NDI1L2xvY2F0aW9ucy91cy1jZW50cmFsMS9vcGVyYXRpb25zL29wZXJhdGlvbi0xNzY2OTQ0ODkyMTY2LTY0NzA2ZWFhMmEyY2ItMTEwNjkyZTgtOWI0MThiMjg [none]
[debug] [2025-12-28T18:02:56.826Z] [update-default-us-central1-pagarIndicacaoAposCompra] Retrying task index 0
[debug] [2025-12-28T18:02:56.826Z] Checked if tokens are valid: true, expires at: 1766948475669
[debug] [2025-12-28T18:02:56.826Z] Checked if tokens are valid: true, expires at: 1766948475669
[debug] [2025-12-28T18:02:56.826Z] >>> [apiv2][query] GET https://cloudfunctions.googleapis.com/v1/operations/cmlmYS1kaWdpdGFsLWY2NDI1L3VzLWNlbnRyYWwxL3BhZ2FySW5kaWNhY2FvQXBvc0NvbXByYS9rNUNyYllyTXZ6aw [none]
[debug] [2025-12-28T18:02:57.473Z] <<< [apiv2][status] GET https://cloudfunctions.googleapis.com/v1/operations/cmlmYS1kaWdpdGFsLWY2NDI1L3VzLWNlbnRyYWwxL2F0dWFsaXphclJhbmtpbmdDb21wcmFkb3Jlcy9obmFhVEpXUmRhQQ 200
[debug] [2025-12-28T18:02:57.473Z] <<< [apiv2][body] GET https://cloudfunctions.googleapis.com/v1/operations/cmlmYS1kaWdpdGFsLWY2NDI1L3VzLWNlbnRyYWwxL2F0dWFsaXphclJhbmtpbmdDb21wcmFkb3Jlcy9obmFhVEpXUmRhQQ {"name":"operations/cmlmYS1kaWdpdGFsLWY2NDI1L3VzLWNlbnRyYWwxL2F0dWFsaXphclJhbmtpbmdDb21wcmFkb3Jlcy9obmFhVEpXUmRhQQ","metadata":{"@type":"type.googleapis.com/google.cloud.functions.v1.OperationMetadataV1","target":"projects/rifa-digital-f6425/locations/us-central1/functions/atualizarRankingCompradores","type":"UPDATE_FUNCTION","request":{"@type":"type.googleapis.com/google.cloud.functions.v1.CloudFunction","name":"projects/rifa-digital-f6425/locations/us-central1/functions/atualizarRankingCompradores","eventTrigger":{"eventType":"providers/cloud.firestore/eventTypes/document.create","resource":"projects/rifa-digital-f6425/databases/(default)/documents/Pagamentos/{pagamentoId}","service":"firestore.googleapis.com"},"status":"ACTIVE","entryPoint":"atualizarRankingCompradores","updateTime":"2025-12-27T00:14:02.132Z","versionId":"3","labels":{"deployment-tool":"cli-firebase","firebase-functions-hash":"33480bce64bd1a534c4276725b9a07d4bb1ff2a5"},"sourceUploadUrl":"https://storage.googleapis.com/uploads-102288537464.us-central1.cloudfunctions.appspot.com/f921fee9-71a0-4c05-93a5-bfbb84dbe6ff.zip?GoogleAccessId=service-763080965700@gcf-admin-robot.iam.gserviceaccount.com&Expires=1766946690&Signature=Y6KpRP0a8RF86PblEADfO92BcGneuYxLaq7eDQiyUJvsCP4CQbkHx%2FP3C6UXUOpwFwgHPrgbmlwGkIkSduAubtP0jWrMrAvyVL%2FfgoVO2BYliC3tWHZzEDmux0%2F98EKQ5g6zFpxAbY3%2BpWqaxjZWw37q4Y4yv1fV91Dv%2F7JrH73G3vcq2LNlrn5qcrBysHjHXZLCjtLXBTPCbMxNcoKXVbDDtqB5jrKSnaKEQq4Qx0L2XhkpqMUg8n6NHkOZ1bk2%2BS35D11MPJKrsjNZcnlrvDu26PF64qdNL%2BfG2v%2BaX%2B464xxFbTVgjBBLYaycfZ2aCCcRU7aW63WwHn8PygXNzg%3D%3D","environmentVariables":{"FIREBASE_CONFIG":"{\"projectId\":\"rifa-digital-f6425\",\"storageBucket\":\"rifa-digital-f6425.firebasestorage.app\"}","GCLOUD_PROJECT":"rifa-digital-f6425","EVENTARC_CLOUD_EVENT_SOURCE":"projects/rifa-digital-f6425/locations/us-central1/functions/atualizarRankingCompradores"},"runtime":"nodejs20","buildId":"94533ce2-835b-4e97-b019-57a6067c00b9","buildEnvironmentVariables":{"GOOGLE_NODE_RUN_SCRIPTS":""},"sourceToken":"9e16af42-3eb7-40a7-8953-e6df31d08fcf","buildName":"projects/763080965700/locations/us-central1/builds/94533ce2-835b-4e97-b019-57a6067c00b9","dockerRegistry":"ARTIFACT_REGISTRY","automaticUpdatePolicy":{},"buildServiceAccount":"projects/rifa-digital-f6425/serviceAccounts/763080965700-compute@developer.gserviceaccount.com"},"versionId":"4","updateTime":"2025-12-28T18:02:37Z","buildId":"a1d58a3d-af79-4ee9-8277-708d39c5ab21","sourceToken":"9e16af42-3eb7-40a7-8953-e6df31d08fcf","buildName":"projects/763080965700/locations/us-central1/builds/a1d58a3d-af79-4ee9-8277-708d39c5ab21"}}
[debug] [2025-12-28T18:02:57.473Z] Got source token 9e16af42-3eb7-40a7-8953-e6df31d08fcf for region us-central1
[debug] [2025-12-28T18:02:57.520Z] <<< [apiv2][status] GET https://cloudfunctions.googleapis.com/v1/operations/cHJvamVjdHMvcmlmYS1kaWdpdGFsLWY2NDI1L2xvY2F0aW9ucy91cy1jZW50cmFsMS9vcGVyYXRpb25zL29wZXJhdGlvbi0xNzY2OTQ0ODkyMTY2LTY0NzA2ZWFhMmEyY2ItMTEwNjkyZTgtOWI0MThiMjg 200
[debug] [2025-12-28T18:02:57.520Z] <<< [apiv2][body] GET https://cloudfunctions.googleapis.com/v1/operations/cHJvamVjdHMvcmlmYS1kaWdpdGFsLWY2NDI1L2xvY2F0aW9ucy91cy1jZW50cmFsMS9vcGVyYXRpb25zL29wZXJhdGlvbi0xNzY2OTQ0ODkyMTY2LTY0NzA2ZWFhMmEyY2ItMTEwNjkyZTgtOWI0MThiMjg {"name":"operations/cHJvamVjdHMvcmlmYS1kaWdpdGFsLWY2NDI1L2xvY2F0aW9ucy91cy1jZW50cmFsMS9vcGVyYXRpb25zL29wZXJhdGlvbi0xNzY2OTQ0ODkyMTY2LTY0NzA2ZWFhMmEyY2ItMTEwNjkyZTgtOWI0MThiMjg","metadata":{"@type":"type.googleapis.com/google.cloud.functions.v1.OperationMetadataV1","target":"projects/rifa-digital-f6425/locations/us-central1/functions/atualizarStatusSorteio","type":"CREATE_FUNCTION","request":{"@type":"type.googleapis.com/google.cloud.functions.v1.CloudFunction","name":"projects/rifa-digital-f6425/locations/us-central1/functions/atualizarStatusSorteio","eventTrigger":{"eventType":"providers/cloud.firestore/eventTypes/document.update","resource":"projects/rifa-digital-f6425/databases/(default)/documents/Pagamentos/{pagamentoId}","failurePolicy":{}},"entryPoint":"atualizarStatusSorteio","updateTime":"1970-01-01T00:00:00Z","labels":{"deployment-tool":"cli-firebase","firebase-functions-hash":"33480bce64bd1a534c4276725b9a07d4bb1ff2a5"},"sourceUploadUrl":"https://storage.googleapis.com/uploads-102288537464.us-central1.cloudfunctions.appspot.com/f921fee9-71a0-4c05-93a5-bfbb84dbe6ff.zip?GoogleAccessId=service-763080965700@gcf-admin-robot.iam.gserviceaccount.com&Expires=1766946690&Signature=Y6KpRP0a8RF86PblEADfO92BcGneuYxLaq7eDQiyUJvsCP4CQbkHx%2FP3C6UXUOpwFwgHPrgbmlwGkIkSduAubtP0jWrMrAvyVL%2FfgoVO2BYliC3tWHZzEDmux0%2F98EKQ5g6zFpxAbY3%2BpWqaxjZWw37q4Y4yv1fV91Dv%2F7JrH73G3vcq2LNlrn5qcrBysHjHXZLCjtLXBTPCbMxNcoKXVbDDtqB5jrKSnaKEQq4Qx0L2XhkpqMUg8n6NHkOZ1bk2%2BS35D11MPJKrsjNZcnlrvDu26PF64qdNL%2BfG2v%2BaX%2B464xxFbTVgjBBLYaycfZ2aCCcRU7aW63WwHn8PygXNzg%3D%3D","environmentVariables":{"FIREBASE_CONFIG":"{\"projectId\":\"rifa-digital-f6425\",\"storageBucket\":\"rifa-digital-f6425.firebasestorage.app\"}","GCLOUD_PROJECT":"rifa-digital-f6425","EVENTARC_CLOUD_EVENT_SOURCE":"projects/rifa-digital-f6425/locations/us-central1/functions/atualizarStatusSorteio"},"runtime":"nodejs20","buildEnvironmentVariables":{"GOOGLE_NODE_RUN_SCRIPTS":""},"dockerRegistry":"ARTIFACT_REGISTRY"},"versionId":"1","updateTime":"2025-12-28T18:02:56.364949074Z","buildId":"a1d58a3d-af79-4ee9-8277-708d39c5ab21","sourceToken":"9e16af42-3eb7-40a7-8953-e6df31d08fcf","buildName":"projects/763080965700/locations/us-central1/builds/a1d58a3d-af79-4ee9-8277-708d39c5ab21"},"done":true,"response":{"@type":"type.googleapis.com/google.cloud.functions.v1.CloudFunction","name":"projects/rifa-digital-f6425/locations/us-central1/functions/atualizarStatusSorteio","eventTrigger":{"eventType":"providers/cloud.firestore/eventTypes/document.update","resource":"projects/rifa-digital-f6425/databases/(default)/documents/Pagamentos/{pagamentoId}","service":"firestore.googleapis.com","failurePolicy":{}},"status":"ACTIVE","entryPoint":"atualizarStatusSorteio","timeout":"60s","availableMemoryMb":256,"serviceAccountEmail":"rifa-digital-f6425@appspot.gserviceaccount.com","updateTime":"2025-12-28T18:01:32.599116386Z","versionId":"1","labels":{"deployment-tool":"cli-firebase","firebase-functions-hash":"33480bce64bd1a534c4276725b9a07d4bb1ff2a5"},"sourceUploadUrl":"https://storage.googleapis.com/uploads-102288537464.us-central1.cloudfunctions.appspot.com/f921fee9-71a0-4c05-93a5-bfbb84dbe6ff.zip","environmentVariables":{"FIREBASE_CONFIG":"{\"projectId\":\"rifa-digital-f6425\",\"storageBucket\":\"rifa-digital-f6425.firebasestorage.app\"}","GCLOUD_PROJECT":"rifa-digital-f6425","EVENTARC_CLOUD_EVENT_SOURCE":"projects/rifa-digital-f6425/locations/us-central1/functions/atualizarStatusSorteio"},"runtime":"nodejs20","maxInstances":3000,"ingressSettings":"ALLOW_ALL","buildId":"a1d58a3d-af79-4ee9-8277-708d39c5ab21","buildEnvironmentVariables":{"GOOGLE_NODE_RUN_SCRIPTS":""},"buildName":"projects/763080965700/locations/us-central1/builds/a1d58a3d-af79-4ee9-8277-708d39c5ab21","dockerRegistry":"ARTIFACT_REGISTRY","automaticUpdatePolicy":{},"buildServiceAccount":"projects/rifa-digital-f6425/serviceAccounts/763080965700-compute@developer.gserviceaccount.com","satisfiesPzi":true}}
[debug] [2025-12-28T18:02:57.520Z] Got source token 9e16af42-3eb7-40a7-8953-e6df31d08fcf for region us-central1
[info] +  functions[atualizarStatusSorteio(us-central1)] Successful create operation. 
[debug] [2025-12-28T18:02:57.542Z] <<< [apiv2][status] GET https://cloudfunctions.googleapis.com/v1/operations/cmlmYS1kaWdpdGFsLWY2NDI1L3VzLWNlbnRyYWwxL3BhZ2FySW5kaWNhY2FvQXBvc0NvbXByYS9rNUNyYllyTXZ6aw 200
[debug] [2025-12-28T18:02:57.543Z] <<< [apiv2][body] GET https://cloudfunctions.googleapis.com/v1/operations/cmlmYS1kaWdpdGFsLWY2NDI1L3VzLWNlbnRyYWwxL3BhZ2FySW5kaWNhY2FvQXBvc0NvbXByYS9rNUNyYllyTXZ6aw {"name":"operations/cmlmYS1kaWdpdGFsLWY2NDI1L3VzLWNlbnRyYWwxL3BhZ2FySW5kaWNhY2FvQXBvc0NvbXByYS9rNUNyYllyTXZ6aw","metadata":{"@type":"type.googleapis.com/google.cloud.functions.v1.OperationMetadataV1","target":"projects/rifa-digital-f6425/locations/us-central1/functions/pagarIndicacaoAposCompra","type":"UPDATE_FUNCTION","request":{"@type":"type.googleapis.com/google.cloud.functions.v1.CloudFunction","name":"projects/rifa-digital-f6425/locations/us-central1/functions/pagarIndicacaoAposCompra","eventTrigger":{"eventType":"providers/cloud.firestore/eventTypes/document.update","resource":"projects/rifa-digital-f6425/databases/(default)/documents/Pagamentos/{pagamentoId}","service":"firestore.googleapis.com"},"status":"ACTIVE","entryPoint":"pagarIndicacaoAposCompra","updateTime":"2025-12-27T00:14:08.643Z","versionId":"1","labels":{"deployment-tool":"cli-firebase","firebase-functions-hash":"33480bce64bd1a534c4276725b9a07d4bb1ff2a5"},"sourceUploadUrl":"https://storage.googleapis.com/uploads-102288537464.us-central1.cloudfunctions.appspot.com/f921fee9-71a0-4c05-93a5-bfbb84dbe6ff.zip?GoogleAccessId=service-763080965700@gcf-admin-robot.iam.gserviceaccount.com&Expires=1766946690&Signature=Y6KpRP0a8RF86PblEADfO92BcGneuYxLaq7eDQiyUJvsCP4CQbkHx%2FP3C6UXUOpwFwgHPrgbmlwGkIkSduAubtP0jWrMrAvyVL%2FfgoVO2BYliC3tWHZzEDmux0%2F98EKQ5g6zFpxAbY3%2BpWqaxjZWw37q4Y4yv1fV91Dv%2F7JrH73G3vcq2LNlrn5qcrBysHjHXZLCjtLXBTPCbMxNcoKXVbDDtqB5jrKSnaKEQq4Qx0L2XhkpqMUg8n6NHkOZ1bk2%2BS35D11MPJKrsjNZcnlrvDu26PF64qdNL%2BfG2v%2BaX%2B464xxFbTVgjBBLYaycfZ2aCCcRU7aW63WwHn8PygXNzg%3D%3D","environmentVariables":{"FIREBASE_CONFIG":"{\"projectId\":\"rifa-digital-f6425\",\"storageBucket\":\"rifa-digital-f6425.firebasestorage.app\"}","GCLOUD_PROJECT":"rifa-digital-f6425","EVENTARC_CLOUD_EVENT_SOURCE":"projects/rifa-digital-f6425/locations/us-central1/functions/pagarIndicacaoAposCompra"},"runtime":"nodejs20","buildId":"94533ce2-835b-4e97-b019-57a6067c00b9","buildEnvironmentVariables":{"GOOGLE_NODE_RUN_SCRIPTS":""},"sourceToken":"9e16af42-3eb7-40a7-8953-e6df31d08fcf","buildName":"projects/763080965700/locations/us-central1/builds/94533ce2-835b-4e97-b019-57a6067c00b9","dockerRegistry":"ARTIFACT_REGISTRY","automaticUpdatePolicy":{},"buildServiceAccount":"projects/rifa-digital-f6425/serviceAccounts/763080965700-compute@developer.gserviceaccount.com"},"versionId":"2","updateTime":"2025-12-28T18:02:37Z","buildId":"a1d58a3d-af79-4ee9-8277-708d39c5ab21","sourceToken":"9e16af42-3eb7-40a7-8953-e6df31d08fcf","buildName":"projects/763080965700/locations/us-central1/builds/a1d58a3d-af79-4ee9-8277-708d39c5ab21"}}
[debug] [2025-12-28T18:02:57.543Z] Got source token 9e16af42-3eb7-40a7-8953-e6df31d08fcf for region us-central1
[debug] [2025-12-28T18:02:57.588Z] <<< [apiv2][status] GET https://cloudfunctions.googleapis.com/v1/operations/cmlmYS1kaWdpdGFsLWY2NDI1L3VzLWNlbnRyYWwxL3B1c2hRdWFuZG9Qcm9tb0F0aXZhci9DSEc3LURPZ3NSZw 200
[debug] [2025-12-28T18:02:57.588Z] <<< [apiv2][body] GET https://cloudfunctions.googleapis.com/v1/operations/cmlmYS1kaWdpdGFsLWY2NDI1L3VzLWNlbnRyYWwxL3B1c2hRdWFuZG9Qcm9tb0F0aXZhci9DSEc3LURPZ3NSZw {"name":"operations/cmlmYS1kaWdpdGFsLWY2NDI1L3VzLWNlbnRyYWwxL3B1c2hRdWFuZG9Qcm9tb0F0aXZhci9DSEc3LURPZ3NSZw","metadata":{"@type":"type.googleapis.com/google.cloud.functions.v1.OperationMetadataV1","target":"projects/rifa-digital-f6425/locations/us-central1/functions/pushQuandoPromoAtivar","type":"UPDATE_FUNCTION","request":{"@type":"type.googleapis.com/google.cloud.functions.v1.CloudFunction","name":"projects/rifa-digital-f6425/locations/us-central1/functions/pushQuandoPromoAtivar","eventTrigger":{"eventType":"providers/cloud.firestore/eventTypes/document.update","resource":"projects/rifa-digital-f6425/databases/(default)/documents/Promocoes/home","service":"firestore.googleapis.com"},"status":"ACTIVE","entryPoint":"pushQuandoPromoAtivar","updateTime":"2025-12-27T00:14:13.173Z","versionId":"2","labels":{"deployment-tool":"cli-firebase","firebase-functions-hash":"33480bce64bd1a534c4276725b9a07d4bb1ff2a5"},"sourceUploadUrl":"https://storage.googleapis.com/uploads-102288537464.us-central1.cloudfunctions.appspot.com/f921fee9-71a0-4c05-93a5-bfbb84dbe6ff.zip?GoogleAccessId=service-763080965700@gcf-admin-robot.iam.gserviceaccount.com&Expires=1766946690&Signature=Y6KpRP0a8RF86PblEADfO92BcGneuYxLaq7eDQiyUJvsCP4CQbkHx%2FP3C6UXUOpwFwgHPrgbmlwGkIkSduAubtP0jWrMrAvyVL%2FfgoVO2BYliC3tWHZzEDmux0%2F98EKQ5g6zFpxAbY3%2BpWqaxjZWw37q4Y4yv1fV91Dv%2F7JrH73G3vcq2LNlrn5qcrBysHjHXZLCjtLXBTPCbMxNcoKXVbDDtqB5jrKSnaKEQq4Qx0L2XhkpqMUg8n6NHkOZ1bk2%2BS35D11MPJKrsjNZcnlrvDu26PF64qdNL%2BfG2v%2BaX%2B464xxFbTVgjBBLYaycfZ2aCCcRU7aW63WwHn8PygXNzg%3D%3D","environmentVariables":{"FIREBASE_CONFIG":"{\"projectId\":\"rifa-digital-f6425\",\"storageBucket\":\"rifa-digital-f6425.firebasestorage.app\"}","GCLOUD_PROJECT":"rifa-digital-f6425","EVENTARC_CLOUD_EVENT_SOURCE":"projects/rifa-digital-f6425/locations/us-central1/functions/pushQuandoPromoAtivar"},"runtime":"nodejs20","buildId":"94533ce2-835b-4e97-b019-57a6067c00b9","buildEnvironmentVariables":{"GOOGLE_NODE_RUN_SCRIPTS":""},"sourceToken":"9e16af42-3eb7-40a7-8953-e6df31d08fcf","buildName":"projects/763080965700/locations/us-central1/builds/94533ce2-835b-4e97-b019-57a6067c00b9","dockerRegistry":"ARTIFACT_REGISTRY","automaticUpdatePolicy":{},"buildServiceAccount":"projects/rifa-digital-f6425/serviceAccounts/763080965700-compute@developer.gserviceaccount.com"},"versionId":"3","updateTime":"2025-12-28T18:02:37Z","buildId":"a1d58a3d-af79-4ee9-8277-708d39c5ab21","sourceToken":"9e16af42-3eb7-40a7-8953-e6df31d08fcf","buildName":"projects/763080965700/locations/us-central1/builds/a1d58a3d-af79-4ee9-8277-708d39c5ab21"}}
[debug] [2025-12-28T18:02:57.588Z] Got source token 9e16af42-3eb7-40a7-8953-e6df31d08fcf for region us-central1
[debug] [2025-12-28T18:03:07.485Z] [update-default-us-central1-atualizarRankingCompradores] Retrying task index 0
[debug] [2025-12-28T18:03:07.486Z] Checked if tokens are valid: true, expires at: 1766948475669
[debug] [2025-12-28T18:03:07.486Z] Checked if tokens are valid: true, expires at: 1766948475669
[debug] [2025-12-28T18:03:07.486Z] >>> [apiv2][query] GET https://cloudfunctions.googleapis.com/v1/operations/cmlmYS1kaWdpdGFsLWY2NDI1L3VzLWNlbnRyYWwxL2F0dWFsaXphclJhbmtpbmdDb21wcmFkb3Jlcy9obmFhVEpXUmRhQQ [none]
[debug] [2025-12-28T18:03:07.542Z] [update-default-us-central1-pagarIndicacaoAposCompra] Retrying task index 0
[debug] [2025-12-28T18:03:07.542Z] Checked if tokens are valid: true, expires at: 1766948475669
[debug] [2025-12-28T18:03:07.542Z] Checked if tokens are valid: true, expires at: 1766948475669
[debug] [2025-12-28T18:03:07.542Z] >>> [apiv2][query] GET https://cloudfunctions.googleapis.com/v1/operations/cmlmYS1kaWdpdGFsLWY2NDI1L3VzLWNlbnRyYWwxL3BhZ2FySW5kaWNhY2FvQXBvc0NvbXByYS9rNUNyYllyTXZ6aw [none]
[debug] [2025-12-28T18:03:07.593Z] [update-default-us-central1-pushQuandoPromoAtivar] Retrying task index 0
[debug] [2025-12-28T18:03:07.594Z] Checked if tokens are valid: true, expires at: 1766948475669
[debug] [2025-12-28T18:03:07.594Z] Checked if tokens are valid: true, expires at: 1766948475669
[debug] [2025-12-28T18:03:07.594Z] >>> [apiv2][query] GET https://cloudfunctions.googleapis.com/v1/operations/cmlmYS1kaWdpdGFsLWY2NDI1L3VzLWNlbnRyYWwxL3B1c2hRdWFuZG9Qcm9tb0F0aXZhci9DSEc3LURPZ3NSZw [none]
[debug] [2025-12-28T18:03:08.231Z] <<< [apiv2][status] GET https://cloudfunctions.googleapis.com/v1/operations/cmlmYS1kaWdpdGFsLWY2NDI1L3VzLWNlbnRyYWwxL2F0dWFsaXphclJhbmtpbmdDb21wcmFkb3Jlcy9obmFhVEpXUmRhQQ 200
[debug] [2025-12-28T18:03:08.231Z] <<< [apiv2][body] GET https://cloudfunctions.googleapis.com/v1/operations/cmlmYS1kaWdpdGFsLWY2NDI1L3VzLWNlbnRyYWwxL2F0dWFsaXphclJhbmtpbmdDb21wcmFkb3Jlcy9obmFhVEpXUmRhQQ {"name":"operations/cmlmYS1kaWdpdGFsLWY2NDI1L3VzLWNlbnRyYWwxL2F0dWFsaXphclJhbmtpbmdDb21wcmFkb3Jlcy9obmFhVEpXUmRhQQ","metadata":{"@type":"type.googleapis.com/google.cloud.functions.v1.OperationMetadataV1","target":"projects/rifa-digital-f6425/locations/us-central1/functions/atualizarRankingCompradores","type":"UPDATE_FUNCTION","request":{"@type":"type.googleapis.com/google.cloud.functions.v1.CloudFunction","name":"projects/rifa-digital-f6425/locations/us-central1/functions/atualizarRankingCompradores","eventTrigger":{"eventType":"providers/cloud.firestore/eventTypes/document.create","resource":"projects/rifa-digital-f6425/databases/(default)/documents/Pagamentos/{pagamentoId}","service":"firestore.googleapis.com"},"status":"ACTIVE","entryPoint":"atualizarRankingCompradores","updateTime":"2025-12-27T00:14:02.132Z","versionId":"3","labels":{"deployment-tool":"cli-firebase","firebase-functions-hash":"33480bce64bd1a534c4276725b9a07d4bb1ff2a5"},"sourceUploadUrl":"https://storage.googleapis.com/uploads-102288537464.us-central1.cloudfunctions.appspot.com/f921fee9-71a0-4c05-93a5-bfbb84dbe6ff.zip?GoogleAccessId=service-763080965700@gcf-admin-robot.iam.gserviceaccount.com&Expires=1766946690&Signature=Y6KpRP0a8RF86PblEADfO92BcGneuYxLaq7eDQiyUJvsCP4CQbkHx%2FP3C6UXUOpwFwgHPrgbmlwGkIkSduAubtP0jWrMrAvyVL%2FfgoVO2BYliC3tWHZzEDmux0%2F98EKQ5g6zFpxAbY3%2BpWqaxjZWw37q4Y4yv1fV91Dv%2F7JrH73G3vcq2LNlrn5qcrBysHjHXZLCjtLXBTPCbMxNcoKXVbDDtqB5jrKSnaKEQq4Qx0L2XhkpqMUg8n6NHkOZ1bk2%2BS35D11MPJKrsjNZcnlrvDu26PF64qdNL%2BfG2v%2BaX%2B464xxFbTVgjBBLYaycfZ2aCCcRU7aW63WwHn8PygXNzg%3D%3D","environmentVariables":{"FIREBASE_CONFIG":"{\"projectId\":\"rifa-digital-f6425\",\"storageBucket\":\"rifa-digital-f6425.firebasestorage.app\"}","GCLOUD_PROJECT":"rifa-digital-f6425","EVENTARC_CLOUD_EVENT_SOURCE":"projects/rifa-digital-f6425/locations/us-central1/functions/atualizarRankingCompradores"},"runtime":"nodejs20","buildId":"94533ce2-835b-4e97-b019-57a6067c00b9","buildEnvironmentVariables":{"GOOGLE_NODE_RUN_SCRIPTS":""},"sourceToken":"9e16af42-3eb7-40a7-8953-e6df31d08fcf","buildName":"projects/763080965700/locations/us-central1/builds/94533ce2-835b-4e97-b019-57a6067c00b9","dockerRegistry":"ARTIFACT_REGISTRY","automaticUpdatePolicy":{},"buildServiceAccount":"projects/rifa-digital-f6425/serviceAccounts/763080965700-compute@developer.gserviceaccount.com"},"versionId":"4","updateTime":"2025-12-28T18:02:37Z","buildId":"a1d58a3d-af79-4ee9-8277-708d39c5ab21","sourceToken":"9e16af42-3eb7-40a7-8953-e6df31d08fcf","buildName":"projects/763080965700/locations/us-central1/builds/a1d58a3d-af79-4ee9-8277-708d39c5ab21"}}
[debug] [2025-12-28T18:03:08.231Z] Got source token 9e16af42-3eb7-40a7-8953-e6df31d08fcf for region us-central1
[debug] [2025-12-28T18:03:08.290Z] <<< [apiv2][status] GET https://cloudfunctions.googleapis.com/v1/operations/cmlmYS1kaWdpdGFsLWY2NDI1L3VzLWNlbnRyYWwxL3BhZ2FySW5kaWNhY2FvQXBvc0NvbXByYS9rNUNyYllyTXZ6aw 200
[debug] [2025-12-28T18:03:08.290Z] <<< [apiv2][body] GET https://cloudfunctions.googleapis.com/v1/operations/cmlmYS1kaWdpdGFsLWY2NDI1L3VzLWNlbnRyYWwxL3BhZ2FySW5kaWNhY2FvQXBvc0NvbXByYS9rNUNyYllyTXZ6aw {"name":"operations/cmlmYS1kaWdpdGFsLWY2NDI1L3VzLWNlbnRyYWwxL3BhZ2FySW5kaWNhY2FvQXBvc0NvbXByYS9rNUNyYllyTXZ6aw","metadata":{"@type":"type.googleapis.com/google.cloud.functions.v1.OperationMetadataV1","target":"projects/rifa-digital-f6425/locations/us-central1/functions/pagarIndicacaoAposCompra","type":"UPDATE_FUNCTION","request":{"@type":"type.googleapis.com/google.cloud.functions.v1.CloudFunction","name":"projects/rifa-digital-f6425/locations/us-central1/functions/pagarIndicacaoAposCompra","eventTrigger":{"eventType":"providers/cloud.firestore/eventTypes/document.update","resource":"projects/rifa-digital-f6425/databases/(default)/documents/Pagamentos/{pagamentoId}","service":"firestore.googleapis.com"},"status":"ACTIVE","entryPoint":"pagarIndicacaoAposCompra","updateTime":"2025-12-27T00:14:08.643Z","versionId":"1","labels":{"deployment-tool":"cli-firebase","firebase-functions-hash":"33480bce64bd1a534c4276725b9a07d4bb1ff2a5"},"sourceUploadUrl":"https://storage.googleapis.com/uploads-102288537464.us-central1.cloudfunctions.appspot.com/f921fee9-71a0-4c05-93a5-bfbb84dbe6ff.zip?GoogleAccessId=service-763080965700@gcf-admin-robot.iam.gserviceaccount.com&Expires=1766946690&Signature=Y6KpRP0a8RF86PblEADfO92BcGneuYxLaq7eDQiyUJvsCP4CQbkHx%2FP3C6UXUOpwFwgHPrgbmlwGkIkSduAubtP0jWrMrAvyVL%2FfgoVO2BYliC3tWHZzEDmux0%2F98EKQ5g6zFpxAbY3%2BpWqaxjZWw37q4Y4yv1fV91Dv%2F7JrH73G3vcq2LNlrn5qcrBysHjHXZLCjtLXBTPCbMxNcoKXVbDDtqB5jrKSnaKEQq4Qx0L2XhkpqMUg8n6NHkOZ1bk2%2BS35D11MPJKrsjNZcnlrvDu26PF64qdNL%2BfG2v%2BaX%2B464xxFbTVgjBBLYaycfZ2aCCcRU7aW63WwHn8PygXNzg%3D%3D","environmentVariables":{"FIREBASE_CONFIG":"{\"projectId\":\"rifa-digital-f6425\",\"storageBucket\":\"rifa-digital-f6425.firebasestorage.app\"}","GCLOUD_PROJECT":"rifa-digital-f6425","EVENTARC_CLOUD_EVENT_SOURCE":"projects/rifa-digital-f6425/locations/us-central1/functions/pagarIndicacaoAposCompra"},"runtime":"nodejs20","buildId":"94533ce2-835b-4e97-b019-57a6067c00b9","buildEnvironmentVariables":{"GOOGLE_NODE_RUN_SCRIPTS":""},"sourceToken":"9e16af42-3eb7-40a7-8953-e6df31d08fcf","buildName":"projects/763080965700/locations/us-central1/builds/94533ce2-835b-4e97-b019-57a6067c00b9","dockerRegistry":"ARTIFACT_REGISTRY","automaticUpdatePolicy":{},"buildServiceAccount":"projects/rifa-digital-f6425/serviceAccounts/763080965700-compute@developer.gserviceaccount.com"},"versionId":"2","updateTime":"2025-12-28T18:02:37Z","buildId":"a1d58a3d-af79-4ee9-8277-708d39c5ab21","sourceToken":"9e16af42-3eb7-40a7-8953-e6df31d08fcf","buildName":"projects/763080965700/locations/us-central1/builds/a1d58a3d-af79-4ee9-8277-708d39c5ab21"}}
[debug] [2025-12-28T18:03:08.290Z] Got source token 9e16af42-3eb7-40a7-8953-e6df31d08fcf for region us-central1
[debug] [2025-12-28T18:03:08.307Z] <<< [apiv2][status] GET https://cloudfunctions.googleapis.com/v1/operations/cmlmYS1kaWdpdGFsLWY2NDI1L3VzLWNlbnRyYWwxL3B1c2hRdWFuZG9Qcm9tb0F0aXZhci9DSEc3LURPZ3NSZw 200
[debug] [2025-12-28T18:03:08.307Z] <<< [apiv2][body] GET https://cloudfunctions.googleapis.com/v1/operations/cmlmYS1kaWdpdGFsLWY2NDI1L3VzLWNlbnRyYWwxL3B1c2hRdWFuZG9Qcm9tb0F0aXZhci9DSEc3LURPZ3NSZw {"name":"operations/cmlmYS1kaWdpdGFsLWY2NDI1L3VzLWNlbnRyYWwxL3B1c2hRdWFuZG9Qcm9tb0F0aXZhci9DSEc3LURPZ3NSZw","metadata":{"@type":"type.googleapis.com/google.cloud.functions.v1.OperationMetadataV1","target":"projects/rifa-digital-f6425/locations/us-central1/functions/pushQuandoPromoAtivar","type":"UPDATE_FUNCTION","request":{"@type":"type.googleapis.com/google.cloud.functions.v1.CloudFunction","name":"projects/rifa-digital-f6425/locations/us-central1/functions/pushQuandoPromoAtivar","eventTrigger":{"eventType":"providers/cloud.firestore/eventTypes/document.update","resource":"projects/rifa-digital-f6425/databases/(default)/documents/Promocoes/home","service":"firestore.googleapis.com"},"status":"ACTIVE","entryPoint":"pushQuandoPromoAtivar","updateTime":"2025-12-27T00:14:13.173Z","versionId":"2","labels":{"deployment-tool":"cli-firebase","firebase-functions-hash":"33480bce64bd1a534c4276725b9a07d4bb1ff2a5"},"sourceUploadUrl":"https://storage.googleapis.com/uploads-102288537464.us-central1.cloudfunctions.appspot.com/f921fee9-71a0-4c05-93a5-bfbb84dbe6ff.zip?GoogleAccessId=service-763080965700@gcf-admin-robot.iam.gserviceaccount.com&Expires=1766946690&Signature=Y6KpRP0a8RF86PblEADfO92BcGneuYxLaq7eDQiyUJvsCP4CQbkHx%2FP3C6UXUOpwFwgHPrgbmlwGkIkSduAubtP0jWrMrAvyVL%2FfgoVO2BYliC3tWHZzEDmux0%2F98EKQ5g6zFpxAbY3%2BpWqaxjZWw37q4Y4yv1fV91Dv%2F7JrH73G3vcq2LNlrn5qcrBysHjHXZLCjtLXBTPCbMxNcoKXVbDDtqB5jrKSnaKEQq4Qx0L2XhkpqMUg8n6NHkOZ1bk2%2BS35D11MPJKrsjNZcnlrvDu26PF64qdNL%2BfG2v%2BaX%2B464xxFbTVgjBBLYaycfZ2aCCcRU7aW63WwHn8PygXNzg%3D%3D","environmentVariables":{"FIREBASE_CONFIG":"{\"projectId\":\"rifa-digital-f6425\",\"storageBucket\":\"rifa-digital-f6425.firebasestorage.app\"}","GCLOUD_PROJECT":"rifa-digital-f6425","EVENTARC_CLOUD_EVENT_SOURCE":"projects/rifa-digital-f6425/locations/us-central1/functions/pushQuandoPromoAtivar"},"runtime":"nodejs20","buildId":"94533ce2-835b-4e97-b019-57a6067c00b9","buildEnvironmentVariables":{"GOOGLE_NODE_RUN_SCRIPTS":""},"sourceToken":"9e16af42-3eb7-40a7-8953-e6df31d08fcf","buildName":"projects/763080965700/locations/us-central1/builds/94533ce2-835b-4e97-b019-57a6067c00b9","dockerRegistry":"ARTIFACT_REGISTRY","automaticUpdatePolicy":{},"buildServiceAccount":"projects/rifa-digital-f6425/serviceAccounts/763080965700-compute@developer.gserviceaccount.com"},"versionId":"3","updateTime":"2025-12-28T18:02:37Z","buildId":"a1d58a3d-af79-4ee9-8277-708d39c5ab21","sourceToken":"9e16af42-3eb7-40a7-8953-e6df31d08fcf","buildName":"projects/763080965700/locations/us-central1/builds/a1d58a3d-af79-4ee9-8277-708d39c5ab21"}}
[debug] [2025-12-28T18:03:08.307Z] Got source token 9e16af42-3eb7-40a7-8953-e6df31d08fcf for region us-central1
[debug] [2025-12-28T18:03:18.237Z] [update-default-us-central1-atualizarRankingCompradores] Retrying task index 0
[debug] [2025-12-28T18:03:18.238Z] Checked if tokens are valid: true, expires at: 1766948475669
[debug] [2025-12-28T18:03:18.238Z] Checked if tokens are valid: true, expires at: 1766948475669
[debug] [2025-12-28T18:03:18.238Z] >>> [apiv2][query] GET https://cloudfunctions.googleapis.com/v1/operations/cmlmYS1kaWdpdGFsLWY2NDI1L3VzLWNlbnRyYWwxL2F0dWFsaXphclJhbmtpbmdDb21wcmFkb3Jlcy9obmFhVEpXUmRhQQ [none]
[debug] [2025-12-28T18:03:18.291Z] [update-default-us-central1-pagarIndicacaoAposCompra] Retrying task index 0
[debug] [2025-12-28T18:03:18.291Z] Checked if tokens are valid: true, expires at: 1766948475669
[debug] [2025-12-28T18:03:18.291Z] Checked if tokens are valid: true, expires at: 1766948475669
[debug] [2025-12-28T18:03:18.291Z] >>> [apiv2][query] GET https://cloudfunctions.googleapis.com/v1/operations/cmlmYS1kaWdpdGFsLWY2NDI1L3VzLWNlbnRyYWwxL3BhZ2FySW5kaWNhY2FvQXBvc0NvbXByYS9rNUNyYllyTXZ6aw [none]
[debug] [2025-12-28T18:03:18.315Z] [update-default-us-central1-pushQuandoPromoAtivar] Retrying task index 0
[debug] [2025-12-28T18:03:18.315Z] Checked if tokens are valid: true, expires at: 1766948475669
[debug] [2025-12-28T18:03:18.316Z] Checked if tokens are valid: true, expires at: 1766948475669
[debug] [2025-12-28T18:03:18.316Z] >>> [apiv2][query] GET https://cloudfunctions.googleapis.com/v1/operations/cmlmYS1kaWdpdGFsLWY2NDI1L3VzLWNlbnRyYWwxL3B1c2hRdWFuZG9Qcm9tb0F0aXZhci9DSEc3LURPZ3NSZw [none]
[debug] [2025-12-28T18:03:18.952Z] <<< [apiv2][status] GET https://cloudfunctions.googleapis.com/v1/operations/cmlmYS1kaWdpdGFsLWY2NDI1L3VzLWNlbnRyYWwxL2F0dWFsaXphclJhbmtpbmdDb21wcmFkb3Jlcy9obmFhVEpXUmRhQQ 200
[debug] [2025-12-28T18:03:18.952Z] <<< [apiv2][body] GET https://cloudfunctions.googleapis.com/v1/operations/cmlmYS1kaWdpdGFsLWY2NDI1L3VzLWNlbnRyYWwxL2F0dWFsaXphclJhbmtpbmdDb21wcmFkb3Jlcy9obmFhVEpXUmRhQQ {"name":"operations/cmlmYS1kaWdpdGFsLWY2NDI1L3VzLWNlbnRyYWwxL2F0dWFsaXphclJhbmtpbmdDb21wcmFkb3Jlcy9obmFhVEpXUmRhQQ","metadata":{"@type":"type.googleapis.com/google.cloud.functions.v1.OperationMetadataV1","target":"projects/rifa-digital-f6425/locations/us-central1/functions/atualizarRankingCompradores","type":"UPDATE_FUNCTION","request":{"@type":"type.googleapis.com/google.cloud.functions.v1.CloudFunction","name":"projects/rifa-digital-f6425/locations/us-central1/functions/atualizarRankingCompradores","eventTrigger":{"eventType":"providers/cloud.firestore/eventTypes/document.create","resource":"projects/rifa-digital-f6425/databases/(default)/documents/Pagamentos/{pagamentoId}","service":"firestore.googleapis.com"},"status":"ACTIVE","entryPoint":"atualizarRankingCompradores","updateTime":"2025-12-27T00:14:02.132Z","versionId":"3","labels":{"deployment-tool":"cli-firebase","firebase-functions-hash":"33480bce64bd1a534c4276725b9a07d4bb1ff2a5"},"sourceUploadUrl":"https://storage.googleapis.com/uploads-102288537464.us-central1.cloudfunctions.appspot.com/f921fee9-71a0-4c05-93a5-bfbb84dbe6ff.zip?GoogleAccessId=service-763080965700@gcf-admin-robot.iam.gserviceaccount.com&Expires=1766946690&Signature=Y6KpRP0a8RF86PblEADfO92BcGneuYxLaq7eDQiyUJvsCP4CQbkHx%2FP3C6UXUOpwFwgHPrgbmlwGkIkSduAubtP0jWrMrAvyVL%2FfgoVO2BYliC3tWHZzEDmux0%2F98EKQ5g6zFpxAbY3%2BpWqaxjZWw37q4Y4yv1fV91Dv%2F7JrH73G3vcq2LNlrn5qcrBysHjHXZLCjtLXBTPCbMxNcoKXVbDDtqB5jrKSnaKEQq4Qx0L2XhkpqMUg8n6NHkOZ1bk2%2BS35D11MPJKrsjNZcnlrvDu26PF64qdNL%2BfG2v%2BaX%2B464xxFbTVgjBBLYaycfZ2aCCcRU7aW63WwHn8PygXNzg%3D%3D","environmentVariables":{"FIREBASE_CONFIG":"{\"projectId\":\"rifa-digital-f6425\",\"storageBucket\":\"rifa-digital-f6425.firebasestorage.app\"}","GCLOUD_PROJECT":"rifa-digital-f6425","EVENTARC_CLOUD_EVENT_SOURCE":"projects/rifa-digital-f6425/locations/us-central1/functions/atualizarRankingCompradores"},"runtime":"nodejs20","buildId":"94533ce2-835b-4e97-b019-57a6067c00b9","buildEnvironmentVariables":{"GOOGLE_NODE_RUN_SCRIPTS":""},"sourceToken":"9e16af42-3eb7-40a7-8953-e6df31d08fcf","buildName":"projects/763080965700/locations/us-central1/builds/94533ce2-835b-4e97-b019-57a6067c00b9","dockerRegistry":"ARTIFACT_REGISTRY","automaticUpdatePolicy":{},"buildServiceAccount":"projects/rifa-digital-f6425/serviceAccounts/763080965700-compute@developer.gserviceaccount.com"},"versionId":"4","updateTime":"2025-12-28T18:02:37Z","buildId":"a1d58a3d-af79-4ee9-8277-708d39c5ab21","sourceToken":"9e16af42-3eb7-40a7-8953-e6df31d08fcf","buildName":"projects/763080965700/locations/us-central1/builds/a1d58a3d-af79-4ee9-8277-708d39c5ab21"}}
[debug] [2025-12-28T18:03:18.952Z] Got source token 9e16af42-3eb7-40a7-8953-e6df31d08fcf for region us-central1
[debug] [2025-12-28T18:03:19.030Z] <<< [apiv2][status] GET https://cloudfunctions.googleapis.com/v1/operations/cmlmYS1kaWdpdGFsLWY2NDI1L3VzLWNlbnRyYWwxL3BhZ2FySW5kaWNhY2FvQXBvc0NvbXByYS9rNUNyYllyTXZ6aw 200
[debug] [2025-12-28T18:03:19.030Z] <<< [apiv2][body] GET https://cloudfunctions.googleapis.com/v1/operations/cmlmYS1kaWdpdGFsLWY2NDI1L3VzLWNlbnRyYWwxL3BhZ2FySW5kaWNhY2FvQXBvc0NvbXByYS9rNUNyYllyTXZ6aw {"name":"operations/cmlmYS1kaWdpdGFsLWY2NDI1L3VzLWNlbnRyYWwxL3BhZ2FySW5kaWNhY2FvQXBvc0NvbXByYS9rNUNyYllyTXZ6aw","metadata":{"@type":"type.googleapis.com/google.cloud.functions.v1.OperationMetadataV1","target":"projects/rifa-digital-f6425/locations/us-central1/functions/pagarIndicacaoAposCompra","type":"UPDATE_FUNCTION","request":{"@type":"type.googleapis.com/google.cloud.functions.v1.CloudFunction","name":"projects/rifa-digital-f6425/locations/us-central1/functions/pagarIndicacaoAposCompra","eventTrigger":{"eventType":"providers/cloud.firestore/eventTypes/document.update","resource":"projects/rifa-digital-f6425/databases/(default)/documents/Pagamentos/{pagamentoId}","service":"firestore.googleapis.com"},"status":"ACTIVE","entryPoint":"pagarIndicacaoAposCompra","updateTime":"2025-12-27T00:14:08.643Z","versionId":"1","labels":{"deployment-tool":"cli-firebase","firebase-functions-hash":"33480bce64bd1a534c4276725b9a07d4bb1ff2a5"},"sourceUploadUrl":"https://storage.googleapis.com/uploads-102288537464.us-central1.cloudfunctions.appspot.com/f921fee9-71a0-4c05-93a5-bfbb84dbe6ff.zip?GoogleAccessId=service-763080965700@gcf-admin-robot.iam.gserviceaccount.com&Expires=1766946690&Signature=Y6KpRP0a8RF86PblEADfO92BcGneuYxLaq7eDQiyUJvsCP4CQbkHx%2FP3C6UXUOpwFwgHPrgbmlwGkIkSduAubtP0jWrMrAvyVL%2FfgoVO2BYliC3tWHZzEDmux0%2F98EKQ5g6zFpxAbY3%2BpWqaxjZWw37q4Y4yv1fV91Dv%2F7JrH73G3vcq2LNlrn5qcrBysHjHXZLCjtLXBTPCbMxNcoKXVbDDtqB5jrKSnaKEQq4Qx0L2XhkpqMUg8n6NHkOZ1bk2%2BS35D11MPJKrsjNZcnlrvDu26PF64qdNL%2BfG2v%2BaX%2B464xxFbTVgjBBLYaycfZ2aCCcRU7aW63WwHn8PygXNzg%3D%3D","environmentVariables":{"FIREBASE_CONFIG":"{\"projectId\":\"rifa-digital-f6425\",\"storageBucket\":\"rifa-digital-f6425.firebasestorage.app\"}","GCLOUD_PROJECT":"rifa-digital-f6425","EVENTARC_CLOUD_EVENT_SOURCE":"projects/rifa-digital-f6425/locations/us-central1/functions/pagarIndicacaoAposCompra"},"runtime":"nodejs20","buildId":"94533ce2-835b-4e97-b019-57a6067c00b9","buildEnvironmentVariables":{"GOOGLE_NODE_RUN_SCRIPTS":""},"sourceToken":"9e16af42-3eb7-40a7-8953-e6df31d08fcf","buildName":"projects/763080965700/locations/us-central1/builds/94533ce2-835b-4e97-b019-57a6067c00b9","dockerRegistry":"ARTIFACT_REGISTRY","automaticUpdatePolicy":{},"buildServiceAccount":"projects/rifa-digital-f6425/serviceAccounts/763080965700-compute@developer.gserviceaccount.com"},"versionId":"2","updateTime":"2025-12-28T18:02:37Z","buildId":"a1d58a3d-af79-4ee9-8277-708d39c5ab21","sourceToken":"9e16af42-3eb7-40a7-8953-e6df31d08fcf","buildName":"projects/763080965700/locations/us-central1/builds/a1d58a3d-af79-4ee9-8277-708d39c5ab21"}}
[debug] [2025-12-28T18:03:19.030Z] Got source token 9e16af42-3eb7-40a7-8953-e6df31d08fcf for region us-central1
[debug] [2025-12-28T18:03:19.079Z] <<< [apiv2][status] GET https://cloudfunctions.googleapis.com/v1/operations/cmlmYS1kaWdpdGFsLWY2NDI1L3VzLWNlbnRyYWwxL3B1c2hRdWFuZG9Qcm9tb0F0aXZhci9DSEc3LURPZ3NSZw 200
[debug] [2025-12-28T18:03:19.080Z] <<< [apiv2][body] GET https://cloudfunctions.googleapis.com/v1/operations/cmlmYS1kaWdpdGFsLWY2NDI1L3VzLWNlbnRyYWwxL3B1c2hRdWFuZG9Qcm9tb0F0aXZhci9DSEc3LURPZ3NSZw {"name":"operations/cmlmYS1kaWdpdGFsLWY2NDI1L3VzLWNlbnRyYWwxL3B1c2hRdWFuZG9Qcm9tb0F0aXZhci9DSEc3LURPZ3NSZw","metadata":{"@type":"type.googleapis.com/google.cloud.functions.v1.OperationMetadataV1","target":"projects/rifa-digital-f6425/locations/us-central1/functions/pushQuandoPromoAtivar","type":"UPDATE_FUNCTION","request":{"@type":"type.googleapis.com/google.cloud.functions.v1.CloudFunction","name":"projects/rifa-digital-f6425/locations/us-central1/functions/pushQuandoPromoAtivar","eventTrigger":{"eventType":"providers/cloud.firestore/eventTypes/document.update","resource":"projects/rifa-digital-f6425/databases/(default)/documents/Promocoes/home","service":"firestore.googleapis.com"},"status":"ACTIVE","entryPoint":"pushQuandoPromoAtivar","updateTime":"2025-12-27T00:14:13.173Z","versionId":"2","labels":{"deployment-tool":"cli-firebase","firebase-functions-hash":"33480bce64bd1a534c4276725b9a07d4bb1ff2a5"},"sourceUploadUrl":"https://storage.googleapis.com/uploads-102288537464.us-central1.cloudfunctions.appspot.com/f921fee9-71a0-4c05-93a5-bfbb84dbe6ff.zip?GoogleAccessId=service-763080965700@gcf-admin-robot.iam.gserviceaccount.com&Expires=1766946690&Signature=Y6KpRP0a8RF86PblEADfO92BcGneuYxLaq7eDQiyUJvsCP4CQbkHx%2FP3C6UXUOpwFwgHPrgbmlwGkIkSduAubtP0jWrMrAvyVL%2FfgoVO2BYliC3tWHZzEDmux0%2F98EKQ5g6zFpxAbY3%2BpWqaxjZWw37q4Y4yv1fV91Dv%2F7JrH73G3vcq2LNlrn5qcrBysHjHXZLCjtLXBTPCbMxNcoKXVbDDtqB5jrKSnaKEQq4Qx0L2XhkpqMUg8n6NHkOZ1bk2%2BS35D11MPJKrsjNZcnlrvDu26PF64qdNL%2BfG2v%2BaX%2B464xxFbTVgjBBLYaycfZ2aCCcRU7aW63WwHn8PygXNzg%3D%3D","environmentVariables":{"FIREBASE_CONFIG":"{\"projectId\":\"rifa-digital-f6425\",\"storageBucket\":\"rifa-digital-f6425.firebasestorage.app\"}","GCLOUD_PROJECT":"rifa-digital-f6425","EVENTARC_CLOUD_EVENT_SOURCE":"projects/rifa-digital-f6425/locations/us-central1/functions/pushQuandoPromoAtivar"},"runtime":"nodejs20","buildId":"94533ce2-835b-4e97-b019-57a6067c00b9","buildEnvironmentVariables":{"GOOGLE_NODE_RUN_SCRIPTS":""},"sourceToken":"9e16af42-3eb7-40a7-8953-e6df31d08fcf","buildName":"projects/763080965700/locations/us-central1/builds/94533ce2-835b-4e97-b019-57a6067c00b9","dockerRegistry":"ARTIFACT_REGISTRY","automaticUpdatePolicy":{},"buildServiceAccount":"projects/rifa-digital-f6425/serviceAccounts/763080965700-compute@developer.gserviceaccount.com"},"versionId":"3","updateTime":"2025-12-28T18:02:37Z","buildId":"a1d58a3d-af79-4ee9-8277-708d39c5ab21","sourceToken":"9e16af42-3eb7-40a7-8953-e6df31d08fcf","buildName":"projects/763080965700/locations/us-central1/builds/a1d58a3d-af79-4ee9-8277-708d39c5ab21"}}
[debug] [2025-12-28T18:03:19.080Z] Got source token 9e16af42-3eb7-40a7-8953-e6df31d08fcf for region us-central1
[debug] [2025-12-28T18:03:28.954Z] [update-default-us-central1-atualizarRankingCompradores] Retrying task index 0
[debug] [2025-12-28T18:03:28.954Z] Checked if tokens are valid: true, expires at: 1766948475669
[debug] [2025-12-28T18:03:28.954Z] Checked if tokens are valid: true, expires at: 1766948475669
[debug] [2025-12-28T18:03:28.954Z] >>> [apiv2][query] GET https://cloudfunctions.googleapis.com/v1/operations/cmlmYS1kaWdpdGFsLWY2NDI1L3VzLWNlbnRyYWwxL2F0dWFsaXphclJhbmtpbmdDb21wcmFkb3Jlcy9obmFhVEpXUmRhQQ [none]
[debug] [2025-12-28T18:03:29.031Z] [update-default-us-central1-pagarIndicacaoAposCompra] Retrying task index 0
[debug] [2025-12-28T18:03:29.031Z] Checked if tokens are valid: true, expires at: 1766948475669
[debug] [2025-12-28T18:03:29.031Z] Checked if tokens are valid: true, expires at: 1766948475669
[debug] [2025-12-28T18:03:29.031Z] >>> [apiv2][query] GET https://cloudfunctions.googleapis.com/v1/operations/cmlmYS1kaWdpdGFsLWY2NDI1L3VzLWNlbnRyYWwxL3BhZ2FySW5kaWNhY2FvQXBvc0NvbXByYS9rNUNyYllyTXZ6aw [none]
[debug] [2025-12-28T18:03:29.086Z] [update-default-us-central1-pushQuandoPromoAtivar] Retrying task index 0
[debug] [2025-12-28T18:03:29.086Z] Checked if tokens are valid: true, expires at: 1766948475669
[debug] [2025-12-28T18:03:29.086Z] Checked if tokens are valid: true, expires at: 1766948475669
[debug] [2025-12-28T18:03:29.086Z] >>> [apiv2][query] GET https://cloudfunctions.googleapis.com/v1/operations/cmlmYS1kaWdpdGFsLWY2NDI1L3VzLWNlbnRyYWwxL3B1c2hRdWFuZG9Qcm9tb0F0aXZhci9DSEc3LURPZ3NSZw [none]
[debug] [2025-12-28T18:03:29.764Z] <<< [apiv2][status] GET https://cloudfunctions.googleapis.com/v1/operations/cmlmYS1kaWdpdGFsLWY2NDI1L3VzLWNlbnRyYWwxL3BhZ2FySW5kaWNhY2FvQXBvc0NvbXByYS9rNUNyYllyTXZ6aw 200
[debug] [2025-12-28T18:03:29.764Z] <<< [apiv2][body] GET https://cloudfunctions.googleapis.com/v1/operations/cmlmYS1kaWdpdGFsLWY2NDI1L3VzLWNlbnRyYWwxL3BhZ2FySW5kaWNhY2FvQXBvc0NvbXByYS9rNUNyYllyTXZ6aw {"name":"operations/cmlmYS1kaWdpdGFsLWY2NDI1L3VzLWNlbnRyYWwxL3BhZ2FySW5kaWNhY2FvQXBvc0NvbXByYS9rNUNyYllyTXZ6aw","metadata":{"@type":"type.googleapis.com/google.cloud.functions.v1.OperationMetadataV1","target":"projects/rifa-digital-f6425/locations/us-central1/functions/pagarIndicacaoAposCompra","type":"UPDATE_FUNCTION","request":{"@type":"type.googleapis.com/google.cloud.functions.v1.CloudFunction","name":"projects/rifa-digital-f6425/locations/us-central1/functions/pagarIndicacaoAposCompra","eventTrigger":{"eventType":"providers/cloud.firestore/eventTypes/document.update","resource":"projects/rifa-digital-f6425/databases/(default)/documents/Pagamentos/{pagamentoId}","service":"firestore.googleapis.com"},"status":"ACTIVE","entryPoint":"pagarIndicacaoAposCompra","updateTime":"2025-12-27T00:14:08.643Z","versionId":"1","labels":{"deployment-tool":"cli-firebase","firebase-functions-hash":"33480bce64bd1a534c4276725b9a07d4bb1ff2a5"},"sourceUploadUrl":"https://storage.googleapis.com/uploads-102288537464.us-central1.cloudfunctions.appspot.com/f921fee9-71a0-4c05-93a5-bfbb84dbe6ff.zip?GoogleAccessId=service-763080965700@gcf-admin-robot.iam.gserviceaccount.com&Expires=1766946690&Signature=Y6KpRP0a8RF86PblEADfO92BcGneuYxLaq7eDQiyUJvsCP4CQbkHx%2FP3C6UXUOpwFwgHPrgbmlwGkIkSduAubtP0jWrMrAvyVL%2FfgoVO2BYliC3tWHZzEDmux0%2F98EKQ5g6zFpxAbY3%2BpWqaxjZWw37q4Y4yv1fV91Dv%2F7JrH73G3vcq2LNlrn5qcrBysHjHXZLCjtLXBTPCbMxNcoKXVbDDtqB5jrKSnaKEQq4Qx0L2XhkpqMUg8n6NHkOZ1bk2%2BS35D11MPJKrsjNZcnlrvDu26PF64qdNL%2BfG2v%2BaX%2B464xxFbTVgjBBLYaycfZ2aCCcRU7aW63WwHn8PygXNzg%3D%3D","environmentVariables":{"FIREBASE_CONFIG":"{\"projectId\":\"rifa-digital-f6425\",\"storageBucket\":\"rifa-digital-f6425.firebasestorage.app\"}","GCLOUD_PROJECT":"rifa-digital-f6425","EVENTARC_CLOUD_EVENT_SOURCE":"projects/rifa-digital-f6425/locations/us-central1/functions/pagarIndicacaoAposCompra"},"runtime":"nodejs20","buildId":"94533ce2-835b-4e97-b019-57a6067c00b9","buildEnvironmentVariables":{"GOOGLE_NODE_RUN_SCRIPTS":""},"sourceToken":"9e16af42-3eb7-40a7-8953-e6df31d08fcf","buildName":"projects/763080965700/locations/us-central1/builds/94533ce2-835b-4e97-b019-57a6067c00b9","dockerRegistry":"ARTIFACT_REGISTRY","automaticUpdatePolicy":{},"buildServiceAccount":"projects/rifa-digital-f6425/serviceAccounts/763080965700-compute@developer.gserviceaccount.com"},"versionId":"2","updateTime":"2025-12-28T18:02:37Z","buildId":"a1d58a3d-af79-4ee9-8277-708d39c5ab21","sourceToken":"9e16af42-3eb7-40a7-8953-e6df31d08fcf","buildName":"projects/763080965700/locations/us-central1/builds/a1d58a3d-af79-4ee9-8277-708d39c5ab21"}}
[debug] [2025-12-28T18:03:29.764Z] Got source token 9e16af42-3eb7-40a7-8953-e6df31d08fcf for region us-central1
[debug] [2025-12-28T18:03:29.803Z] <<< [apiv2][status] GET https://cloudfunctions.googleapis.com/v1/operations/cmlmYS1kaWdpdGFsLWY2NDI1L3VzLWNlbnRyYWwxL3B1c2hRdWFuZG9Qcm9tb0F0aXZhci9DSEc3LURPZ3NSZw 200
[debug] [2025-12-28T18:03:29.803Z] <<< [apiv2][body] GET https://cloudfunctions.googleapis.com/v1/operations/cmlmYS1kaWdpdGFsLWY2NDI1L3VzLWNlbnRyYWwxL3B1c2hRdWFuZG9Qcm9tb0F0aXZhci9DSEc3LURPZ3NSZw {"name":"operations/cmlmYS1kaWdpdGFsLWY2NDI1L3VzLWNlbnRyYWwxL3B1c2hRdWFuZG9Qcm9tb0F0aXZhci9DSEc3LURPZ3NSZw","metadata":{"@type":"type.googleapis.com/google.cloud.functions.v1.OperationMetadataV1","target":"projects/rifa-digital-f6425/locations/us-central1/functions/pushQuandoPromoAtivar","type":"UPDATE_FUNCTION","request":{"@type":"type.googleapis.com/google.cloud.functions.v1.CloudFunction","name":"projects/rifa-digital-f6425/locations/us-central1/functions/pushQuandoPromoAtivar","eventTrigger":{"eventType":"providers/cloud.firestore/eventTypes/document.update","resource":"projects/rifa-digital-f6425/databases/(default)/documents/Promocoes/home","service":"firestore.googleapis.com"},"status":"ACTIVE","entryPoint":"pushQuandoPromoAtivar","updateTime":"2025-12-27T00:14:13.173Z","versionId":"2","labels":{"deployment-tool":"cli-firebase","firebase-functions-hash":"33480bce64bd1a534c4276725b9a07d4bb1ff2a5"},"sourceUploadUrl":"https://storage.googleapis.com/uploads-102288537464.us-central1.cloudfunctions.appspot.com/f921fee9-71a0-4c05-93a5-bfbb84dbe6ff.zip?GoogleAccessId=service-763080965700@gcf-admin-robot.iam.gserviceaccount.com&Expires=1766946690&Signature=Y6KpRP0a8RF86PblEADfO92BcGneuYxLaq7eDQiyUJvsCP4CQbkHx%2FP3C6UXUOpwFwgHPrgbmlwGkIkSduAubtP0jWrMrAvyVL%2FfgoVO2BYliC3tWHZzEDmux0%2F98EKQ5g6zFpxAbY3%2BpWqaxjZWw37q4Y4yv1fV91Dv%2F7JrH73G3vcq2LNlrn5qcrBysHjHXZLCjtLXBTPCbMxNcoKXVbDDtqB5jrKSnaKEQq4Qx0L2XhkpqMUg8n6NHkOZ1bk2%2BS35D11MPJKrsjNZcnlrvDu26PF64qdNL%2BfG2v%2BaX%2B464xxFbTVgjBBLYaycfZ2aCCcRU7aW63WwHn8PygXNzg%3D%3D","environmentVariables":{"FIREBASE_CONFIG":"{\"projectId\":\"rifa-digital-f6425\",\"storageBucket\":\"rifa-digital-f6425.firebasestorage.app\"}","GCLOUD_PROJECT":"rifa-digital-f6425","EVENTARC_CLOUD_EVENT_SOURCE":"projects/rifa-digital-f6425/locations/us-central1/functions/pushQuandoPromoAtivar"},"runtime":"nodejs20","buildId":"94533ce2-835b-4e97-b019-57a6067c00b9","buildEnvironmentVariables":{"GOOGLE_NODE_RUN_SCRIPTS":""},"sourceToken":"9e16af42-3eb7-40a7-8953-e6df31d08fcf","buildName":"projects/763080965700/locations/us-central1/builds/94533ce2-835b-4e97-b019-57a6067c00b9","dockerRegistry":"ARTIFACT_REGISTRY","automaticUpdatePolicy":{},"buildServiceAccount":"projects/rifa-digital-f6425/serviceAccounts/763080965700-compute@developer.gserviceaccount.com"},"versionId":"3","updateTime":"2025-12-28T18:02:37Z","buildId":"a1d58a3d-af79-4ee9-8277-708d39c5ab21","sourceToken":"9e16af42-3eb7-40a7-8953-e6df31d08fcf","buildName":"projects/763080965700/locations/us-central1/builds/a1d58a3d-af79-4ee9-8277-708d39c5ab21"}}
[debug] [2025-12-28T18:03:29.803Z] Got source token 9e16af42-3eb7-40a7-8953-e6df31d08fcf for region us-central1
[debug] [2025-12-28T18:03:30.634Z] <<< [apiv2][status] GET https://cloudfunctions.googleapis.com/v1/operations/cmlmYS1kaWdpdGFsLWY2NDI1L3VzLWNlbnRyYWwxL2F0dWFsaXphclJhbmtpbmdDb21wcmFkb3Jlcy9obmFhVEpXUmRhQQ 200
[debug] [2025-12-28T18:03:30.634Z] <<< [apiv2][body] GET https://cloudfunctions.googleapis.com/v1/operations/cmlmYS1kaWdpdGFsLWY2NDI1L3VzLWNlbnRyYWwxL2F0dWFsaXphclJhbmtpbmdDb21wcmFkb3Jlcy9obmFhVEpXUmRhQQ {"name":"operations/cmlmYS1kaWdpdGFsLWY2NDI1L3VzLWNlbnRyYWwxL2F0dWFsaXphclJhbmtpbmdDb21wcmFkb3Jlcy9obmFhVEpXUmRhQQ","metadata":{"@type":"type.googleapis.com/google.cloud.functions.v1.OperationMetadataV1","target":"projects/rifa-digital-f6425/locations/us-central1/functions/atualizarRankingCompradores","type":"UPDATE_FUNCTION","request":{"@type":"type.googleapis.com/google.cloud.functions.v1.CloudFunction","name":"projects/rifa-digital-f6425/locations/us-central1/functions/atualizarRankingCompradores","eventTrigger":{"eventType":"providers/cloud.firestore/eventTypes/document.create","resource":"projects/rifa-digital-f6425/databases/(default)/documents/Pagamentos/{pagamentoId}","service":"firestore.googleapis.com"},"status":"ACTIVE","entryPoint":"atualizarRankingCompradores","updateTime":"2025-12-27T00:14:02.132Z","versionId":"3","labels":{"deployment-tool":"cli-firebase","firebase-functions-hash":"33480bce64bd1a534c4276725b9a07d4bb1ff2a5"},"sourceUploadUrl":"https://storage.googleapis.com/uploads-102288537464.us-central1.cloudfunctions.appspot.com/f921fee9-71a0-4c05-93a5-bfbb84dbe6ff.zip?GoogleAccessId=service-763080965700@gcf-admin-robot.iam.gserviceaccount.com&Expires=1766946690&Signature=Y6KpRP0a8RF86PblEADfO92BcGneuYxLaq7eDQiyUJvsCP4CQbkHx%2FP3C6UXUOpwFwgHPrgbmlwGkIkSduAubtP0jWrMrAvyVL%2FfgoVO2BYliC3tWHZzEDmux0%2F98EKQ5g6zFpxAbY3%2BpWqaxjZWw37q4Y4yv1fV91Dv%2F7JrH73G3vcq2LNlrn5qcrBysHjHXZLCjtLXBTPCbMxNcoKXVbDDtqB5jrKSnaKEQq4Qx0L2XhkpqMUg8n6NHkOZ1bk2%2BS35D11MPJKrsjNZcnlrvDu26PF64qdNL%2BfG2v%2BaX%2B464xxFbTVgjBBLYaycfZ2aCCcRU7aW63WwHn8PygXNzg%3D%3D","environmentVariables":{"FIREBASE_CONFIG":"{\"projectId\":\"rifa-digital-f6425\",\"storageBucket\":\"rifa-digital-f6425.firebasestorage.app\"}","GCLOUD_PROJECT":"rifa-digital-f6425","EVENTARC_CLOUD_EVENT_SOURCE":"projects/rifa-digital-f6425/locations/us-central1/functions/atualizarRankingCompradores"},"runtime":"nodejs20","buildId":"94533ce2-835b-4e97-b019-57a6067c00b9","buildEnvironmentVariables":{"GOOGLE_NODE_RUN_SCRIPTS":""},"sourceToken":"9e16af42-3eb7-40a7-8953-e6df31d08fcf","buildName":"projects/763080965700/locations/us-central1/builds/94533ce2-835b-4e97-b019-57a6067c00b9","dockerRegistry":"ARTIFACT_REGISTRY","automaticUpdatePolicy":{},"buildServiceAccount":"projects/rifa-digital-f6425/serviceAccounts/763080965700-compute@developer.gserviceaccount.com"},"versionId":"4","updateTime":"2025-12-28T18:02:37Z","buildId":"a1d58a3d-af79-4ee9-8277-708d39c5ab21","sourceToken":"9e16af42-3eb7-40a7-8953-e6df31d08fcf","buildName":"projects/763080965700/locations/us-central1/builds/a1d58a3d-af79-4ee9-8277-708d39c5ab21"}}
[debug] [2025-12-28T18:03:30.634Z] Got source token 9e16af42-3eb7-40a7-8953-e6df31d08fcf for region us-central1
